iterationNum,speakerAlpha,listenerAlpha,discountFactor,guessingEpsilon,time,                 speakerID,listenerID,intendedName, word1, word2, topSpeakerChoice,topListenerChoice,correctProb,correct,6.89403973509934
0,7,7,0.93,0.01,0,1,2,threat,threat,coast,nihatate,coast,0.239540276425396,false,
0,7,7,0.93,0.01,1,2,1,bag,bag,coast,fuwo,bag,0.999999966743602,true,
0,7,7,0.93,0.01,2,1,2,coast,coast,meter,nihatate,coast,0.507399285765867,true,
0,7,7,0.93,0.01,3,2,1,shore,shore,cheek,falu,shore,0.753428162511694,true,
0,7,7,0.93,0.01,4,1,2,purse,purse,cheek,fuwo,purse,0.733374828713787,true,
0,7,7,0.93,0.01,5,2,1,game,coast,game,qapamoma,game,0.99999999965895,true,
0,7,7,0.93,0.01,6,1,2,purse,purse,threat,fuwo,purse,0.999955397758346,true,
0,7,7,0.93,0.01,7,2,1,meter,shore,meter,lipu,meter,0.859642091047246,true,
0,7,7,0.93,0.01,8,1,2,danger,danger,cheek,loqi,danger,0.779273707040703,true,
0,7,7,0.93,0.01,9,2,1,threat,threat,game,nihatate,threat,0.604279755632718,true,
0,7,7,0.93,0.01,10,1,2,coast,purse,coast,nihatate,coast,0.999981427937067,true,
0,7,7,0.93,0.01,11,2,1,vitamin,bag,vitamin,loqi,bag,0.001165991077768,false,
0,7,7,0.93,0.01,12,1,2,bag,bag,danger,fuwo,bag,0.805597977902111,true,
0,7,7,0.93,0.01,13,2,1,danger,danger,meter,loqi,danger,0.999998728352482,true,
0,7,7,0.93,0.01,14,1,2,vitamin,danger,vitamin,loqi,danger,5.72007036243636E-09,false,
0,7,7,0.93,0.01,15,2,1,meter,bag,meter,lipu,meter,0.999999999610488,true,
0,7,7,0.93,0.01,16,1,2,cheek,threat,cheek,qapamoma,cheek,0.955104831479348,true,
0,7,7,0.93,0.01,17,2,1,purse,purse,vitamin,fuwo,purse,0.985972276509791,true,
0,7,7,0.93,0.01,18,1,2,shore,shore,vitamin,falu,shore,0.958895585878226,true,
0,7,7,0.93,0.01,19,2,1,meter,meter,vitamin,lipu,meter,0.999951202861749,true,
0,7,7,0.93,0.01,20,1,2,game,meter,game,hene,game,0.999999953641198,true,
0,7,7,0.93,0.01,21,2,1,shore,shore,coast,falu,shore,0.999999999999999,true,
0,7,7,0.93,0.01,22,1,2,purse,purse,meter,fuwo,purse,1,true,
0,7,7,0.93,0.01,23,2,1,game,game,vitamin,hene,game,0.999984916143265,true,
0,7,7,0.93,0.01,24,1,2,threat,threat,meter,nihatate,threat,0.999999999999996,true,
0,7,7,0.93,0.01,25,2,1,threat,threat,shore,nihatate,threat,1,true,
0,7,7,0.93,0.01,26,1,2,game,purse,game,hene,game,1,true,
0,7,7,0.93,0.01,27,2,1,danger,danger,shore,loqi,danger,0.99999999997922,true,
0,7,7,0.93,0.01,28,1,2,danger,purse,danger,loqi,danger,1,true,
0,7,7,0.93,0.01,29,2,1,cheek,coast,cheek,qapamoma,cheek,0.99995856026309,true,
0,7,7,0.93,0.01,30,1,2,coast,danger,coast,falu,coast,0.999999999999545,true,
0,7,7,0.93,0.01,31,2,1,vitamin,coast,vitamin,loqi,vitamin,0.999999999976039,true,
0,7,7,0.93,0.01,32,1,2,vitamin,threat,vitamin,loqi,vitamin,0.999999999999992,true,
0,7,7,0.93,0.01,33,2,1,bag,bag,cheek,fuwo,bag,0.999999999999947,true,
0,7,7,0.93,0.01,34,1,2,danger,danger,game,falu,danger,0.99999999999995,true,
0,7,7,0.93,0.01,35,2,1,bag,bag,shore,fuwo,bag,0.999999974227798,true,
0,7,7,0.93,0.01,36,1,2,shore,shore,game,falu,shore,1,true,
0,7,7,0.93,0.01,37,2,1,cheek,meter,cheek,qapamoma,cheek,0.999999975000708,true,
0,7,7,0.93,0.01,38,1,2,bag,bag,threat,fuwo,bag,0.99999998468153,true,
0,7,7,0.93,0.01,39,2,1,purse,purse,bag,falu,purse,0.999999999999968,true,
0,7,7,0.93,0.01,40,1,2,game,bag,game,hene,game,1,true,
0,7,7,0.93,0.01,41,2,1,shore,purse,shore,falu,shore,0.999754557152682,true,
0,7,7,0.93,0.01,42,1,2,threat,danger,threat,nihatate,danger,0.888382711073861,false,
0,7,7,0.93,0.01,43,2,1,cheek,vitamin,cheek,qapamoma,cheek,0.999999999999956,true,
0,7,7,0.93,0.01,44,1,2,cheek,game,cheek,qapamoma,cheek,1,true,
0,7,7,0.93,0.01,45,2,1,bag,bag,coast,fuwo,bag,0.999999990103428,true,
0,7,7,0.93,0.01,46,1,2,bag,bag,threat,fuwo,bag,0.999999999999588,true,
0,7,7,0.93,0.01,47,2,1,game,meter,game,hene,game,0.999999996083321,true,
0,7,7,0.93,0.01,48,1,2,bag,bag,game,fuwo,bag,1,true,
0,7,7,0.93,0.01,49,2,1,vitamin,bag,vitamin,loqi,vitamin,1,true,
0,7,7,0.93,0.01,50,1,2,bag,purse,bag,fuwo,bag,0.999998690174078,true,
0,7,7,0.93,0.01,51,2,1,bag,bag,game,fuwo,bag,1,true,
0,7,7,0.93,0.01,52,1,2,purse,purse,shore,lipu,purse,0.999999976997206,true,
0,7,7,0.93,0.01,53,2,1,game,game,cheek,hene,game,1,true,
0,7,7,0.93,0.01,54,1,2,danger,bag,danger,nihatate,danger,0.999999999999996,true,
0,7,7,0.93,0.01,55,2,1,coast,threat,coast,falu,coast,0.979536288208342,true,
0,7,7,0.93,0.01,56,1,2,threat,threat,shore,falu,shore,9.7868440438009E-05,false,
0,7,7,0.93,0.01,57,2,1,shore,shore,coast,falu,shore,0.999977286127896,true,
0,7,7,0.93,0.01,58,1,2,danger,danger,cheek,nihatate,danger,0.999999999999986,true,
0,7,7,0.93,0.01,59,2,1,meter,threat,meter,nihatate,threat,0.182881368591717,false,
0,7,7,0.93,0.01,60,1,2,cheek,purse,cheek,qapamoma,cheek,0.999989762600088,true,
0,7,7,0.93,0.01,61,2,1,game,game,cheek,hene,game,1,true,
0,7,7,0.93,0.01,62,1,2,danger,danger,threat,nihatate,threat,0.171829190428354,false,
0,7,7,0.93,0.01,63,2,1,purse,purse,shore,falu,shore,5.54809958905592E-06,false,
0,7,7,0.93,0.01,64,1,2,threat,threat,coast,nihatate,threat,0.999996228488166,true,
0,7,7,0.93,0.01,65,2,1,shore,bag,shore,falu,shore,0.999999999999999,true,
0,7,7,0.93,0.01,66,1,2,meter,purse,meter,loqi,purse,0.258963118338685,false,
0,7,7,0.93,0.01,67,2,1,danger,danger,game,nihatate,danger,0.999999996490935,true,
0,7,7,0.93,0.01,68,1,2,game,shore,game,hene,game,1,true,
0,7,7,0.93,0.01,69,2,1,purse,purse,danger,lipu,danger,0.001066993761129,false,
0,7,7,0.93,0.01,70,1,2,shore,shore,meter,falu,shore,0.999999999950682,true,
0,7,7,0.93,0.01,71,2,1,vitamin,game,vitamin,loqi,vitamin,1,true,
0,7,7,0.93,0.01,72,1,2,meter,meter,game,fuwo,meter,0.999999999999996,true,
0,7,7,0.93,0.01,73,2,1,coast,coast,vitamin,qapamoma,coast,0.999999967304528,true,
0,7,7,0.93,0.01,74,1,2,coast,coast,game,loqi,coast,0.999896346772469,true,
0,7,7,0.93,0.01,75,2,1,shore,shore,game,falu,shore,1,true,
0,7,7,0.93,0.01,76,1,2,bag,bag,shore,lipu,bag,0.999999999999972,true,
0,7,7,0.93,0.01,77,2,1,vitamin,meter,vitamin,loqi,vitamin,0.999999999999929,true,
0,7,7,0.93,0.01,78,1,2,danger,danger,threat,falu,threat,1.29609288576196E-07,false,
0,7,7,0.93,0.01,79,2,1,danger,danger,meter,nihatate,danger,0.999999999987178,true,
0,7,7,0.93,0.01,80,1,2,shore,shore,cheek,falu,shore,0.999999999413574,true,
0,7,7,0.93,0.01,81,2,1,danger,danger,vitamin,nihatate,danger,0.99999999982273,true,
0,7,7,0.93,0.01,82,1,2,meter,danger,meter,fuwo,meter,0.999999999999995,true,
0,7,7,0.93,0.01,83,2,1,coast,coast,meter,qapamoma,coast,0.999999999999995,true,
0,7,7,0.93,0.01,84,1,2,game,coast,game,hene,game,0.999999998983728,true,
0,7,7,0.93,0.01,85,2,1,shore,shore,meter,falu,shore,1,true,
0,7,7,0.93,0.01,86,1,2,game,game,vitamin,hene,game,1,true,
0,7,7,0.93,0.01,87,2,1,game,threat,game,hene,game,0.999999999957224,true,
0,7,7,0.93,0.01,88,1,2,meter,meter,cheek,fuwo,meter,0.999280676210862,true,
0,7,7,0.93,0.01,89,2,1,purse,purse,game,lipu,purse,0.999999999999996,true,
0,7,7,0.93,0.01,90,1,2,vitamin,danger,vitamin,loqi,vitamin,0.999999999999999,true,
0,7,7,0.93,0.01,91,2,1,purse,purse,coast,lipu,purse,0.999882739265429,true,
0,7,7,0.93,0.01,92,1,2,purse,purse,game,lipu,purse,1,true,
0,7,7,0.93,0.01,93,2,1,meter,bag,meter,fuwo,meter,0.999998884626666,true,
0,7,7,0.93,0.01,94,1,2,shore,shore,vitamin,falu,shore,1,true,
0,7,7,0.93,0.01,95,2,1,danger,danger,cheek,nihatate,danger,0.992212127133731,true,
0,7,7,0.93,0.01,96,1,2,cheek,threat,cheek,qapamoma,cheek,0.528531320564032,true,
0,7,7,0.93,0.01,97,2,1,bag,bag,danger,hene,bag,0.999833454559394,true,
0,7,7,0.93,0.01,98,1,2,bag,bag,vitamin,hene,bag,0.999999999943261,true,
0,7,7,0.93,0.01,99,2,1,shore,shore,coast,falu,shore,0.999952356822386,true,
0,7,7,0.93,0.01,100,1,2,purse,purse,bag,lipu,purse,0.999999545369814,true,
0,7,7,0.93,0.01,101,2,1,vitamin,threat,vitamin,loqi,vitamin,0.999999690126367,true,
0,7,7,0.93,0.01,102,1,2,cheek,meter,cheek,qapamoma,cheek,0.999999999999998,true,
0,7,7,0.93,0.01,103,2,1,coast,danger,coast,qapamoma,coast,0.999985561280096,true,
0,7,7,0.93,0.01,104,1,2,meter,bag,meter,fuwo,meter,0.99999997260638,true,
0,7,7,0.93,0.01,105,2,1,shore,danger,shore,falu,shore,0.999999797829465,true,
0,7,7,0.93,0.01,106,1,2,cheek,shore,cheek,qapamoma,cheek,1,true,
0,7,7,0.93,0.01,107,2,1,vitamin,coast,vitamin,loqi,vitamin,0.999983399558337,true,
0,7,7,0.93,0.01,108,1,2,cheek,purse,cheek,qapamoma,cheek,1,true,
0,7,7,0.93,0.01,109,2,1,coast,coast,cheek,qapamoma,cheek,9.67633063830719E-07,false,
0,7,7,0.93,0.01,110,1,2,cheek,coast,cheek,qapamoma,cheek,0.999999995079719,true,
0,7,7,0.93,0.01,111,2,1,threat,threat,vitamin,nihatate,threat,0.999999999999925,true,
0,7,7,0.93,0.01,112,1,2,vitamin,vitamin,cheek,loqi,vitamin,1,true,
0,7,7,0.93,0.01,113,2,1,purse,purse,meter,lipu,purse,1,true,
0,7,7,0.93,0.01,114,1,2,game,danger,game,falu,game,0.979619772937167,true,
0,7,7,0.93,0.01,115,2,1,coast,coast,meter,hene,coast,0.9999999999926,true,
0,7,7,0.93,0.01,116,1,2,game,threat,game,falu,game,0.999999999984496,true,
0,7,7,0.93,0.01,117,2,1,danger,danger,coast,fuwo,coast,0.000411280963233,false,
0,7,7,0.93,0.01,118,1,2,threat,threat,cheek,nihatate,threat,1,true,
0,7,7,0.93,0.01,119,2,1,cheek,bag,cheek,qapamoma,cheek,0.999999999910057,true,
0,7,7,0.93,0.01,120,1,2,shore,shore,vitamin,lipu,shore,0.999999996117637,true,
1,7,7,0.93,0.01,0,1,2,threat,threat,coast,nihatate,threat,0.518675281744602,true,
1,7,7,0.93,0.01,1,2,1,bag,bag,coast,falu,bag,0.671991272979956,true,
1,7,7,0.93,0.01,2,1,2,coast,coast,meter,falu,coast,0.752519173421152,true,
1,7,7,0.93,0.01,3,2,1,shore,shore,cheek,falu,shore,0.862125508019883,true,
1,7,7,0.93,0.01,4,1,2,purse,purse,cheek,qapamoma,cheek,0.441987523677429,false,
1,7,7,0.93,0.01,5,2,1,game,coast,game,nihatate,game,0.99999883467121,true,
1,7,7,0.93,0.01,6,1,2,purse,purse,threat,falu,threat,3.20812164784137E-05,false,
1,7,7,0.93,0.01,7,2,1,meter,shore,meter,lipu,shore,0.005929178544686,false,
1,7,7,0.93,0.01,8,1,2,danger,danger,cheek,hene,danger,0.98721705417944,true,
1,7,7,0.93,0.01,9,2,1,threat,threat,game,loqi,game,2.64449269282066E-06,false,
1,7,7,0.93,0.01,10,1,2,coast,purse,coast,falu,purse,0.599986379696503,false,
1,7,7,0.93,0.01,11,2,1,vitamin,bag,vitamin,fuwo,bag,0.033485554591986,false,
1,7,7,0.93,0.01,12,1,2,bag,bag,danger,falu,danger,1.81107631889787E-07,false,
1,7,7,0.93,0.01,13,2,1,danger,danger,meter,hene,danger,0.999333852124247,true,
1,7,7,0.93,0.01,14,1,2,vitamin,danger,vitamin,fuwo,vitamin,0.999999999429296,true,
1,7,7,0.93,0.01,15,2,1,meter,bag,meter,lipu,meter,0.999578982072422,true,
1,7,7,0.93,0.01,16,1,2,cheek,threat,cheek,qapamoma,threat,0.136694895168421,false,
1,7,7,0.93,0.01,17,2,1,purse,purse,vitamin,loqi,purse,0.999999999991612,true,
1,7,7,0.93,0.01,18,1,2,shore,shore,vitamin,falu,shore,0.999991574045309,true,
1,7,7,0.93,0.01,19,2,1,meter,meter,vitamin,lipu,meter,1,true,
1,7,7,0.93,0.01,20,1,2,game,meter,game,nihatate,game,0.999999999998348,true,
1,7,7,0.93,0.01,21,2,1,shore,shore,coast,falu,shore,0.999980777260169,true,
1,7,7,0.93,0.01,22,1,2,purse,purse,meter,loqi,purse,0.999999999999998,true,
1,7,7,0.93,0.01,23,2,1,game,game,vitamin,nihatate,game,1,true,
1,7,7,0.93,0.01,24,1,2,threat,threat,meter,qapamoma,threat,0.999999999999748,true,
1,7,7,0.93,0.01,25,2,1,threat,threat,shore,qapamoma,threat,1,true,
1,7,7,0.93,0.01,26,1,2,game,purse,game,nihatate,game,0.999999997631684,true,
1,7,7,0.93,0.01,27,2,1,danger,danger,shore,hene,danger,0.99999999954016,true,
1,7,7,0.93,0.01,28,1,2,danger,purse,danger,hene,danger,0.999999995544129,true,
1,7,7,0.93,0.01,29,2,1,cheek,coast,cheek,qapamoma,coast,0.779070725423115,false,
1,7,7,0.93,0.01,30,1,2,coast,danger,coast,falu,coast,0.999999999999698,true,
1,7,7,0.93,0.01,31,2,1,vitamin,coast,vitamin,fuwo,vitamin,0.999999999999945,true,
1,7,7,0.93,0.01,32,1,2,vitamin,threat,vitamin,fuwo,vitamin,0.999999999998886,true,
1,7,7,0.93,0.01,33,2,1,bag,bag,cheek,loqi,bag,0.982169131734454,true,
1,7,7,0.93,0.01,34,1,2,danger,danger,game,hene,danger,1,true,
1,7,7,0.93,0.01,35,2,1,bag,bag,shore,loqi,bag,0.999998321703737,true,
1,7,7,0.93,0.01,36,1,2,shore,shore,game,falu,shore,1,true,
1,7,7,0.93,0.01,37,2,1,cheek,meter,cheek,qapamoma,cheek,0.999952823244077,true,
1,7,7,0.93,0.01,38,1,2,bag,bag,threat,loqi,bag,0.999998398108199,true,
1,7,7,0.93,0.01,39,2,1,purse,purse,bag,lipu,purse,0.999999999999833,true,
1,7,7,0.93,0.01,40,1,2,game,bag,game,nihatate,game,1,true,
1,7,7,0.93,0.01,41,2,1,shore,purse,shore,falu,shore,0.999985629979388,true,
1,7,7,0.93,0.01,42,1,2,threat,danger,threat,qapamoma,threat,0.999999993599083,true,
1,7,7,0.93,0.01,43,2,1,cheek,vitamin,cheek,qapamoma,cheek,0.999999999999993,true,
1,7,7,0.93,0.01,44,1,2,cheek,game,cheek,qapamoma,cheek,1,true,
1,7,7,0.93,0.01,45,2,1,bag,bag,coast,loqi,bag,0.999999889987175,true,
1,7,7,0.93,0.01,46,1,2,bag,bag,threat,loqi,bag,0.999994708191522,true,
1,7,7,0.93,0.01,47,2,1,game,meter,game,nihatate,game,0.999999993316342,true,
1,7,7,0.93,0.01,48,1,2,bag,bag,game,loqi,bag,1,true,
1,7,7,0.93,0.01,49,2,1,vitamin,bag,vitamin,fuwo,vitamin,1,true,
1,7,7,0.93,0.01,50,1,2,bag,purse,bag,loqi,bag,0.999998821906393,true,
1,7,7,0.93,0.01,51,2,1,bag,bag,game,loqi,bag,1,true,
1,7,7,0.93,0.01,52,1,2,purse,purse,shore,falu,shore,0.000582187097827,false,
1,7,7,0.93,0.01,53,2,1,game,game,cheek,nihatate,game,1,true,
1,7,7,0.93,0.01,54,1,2,danger,bag,danger,hene,danger,1,true,
1,7,7,0.93,0.01,55,2,1,coast,threat,coast,hene,coast,0.985986705742953,true,
1,7,7,0.93,0.01,56,1,2,threat,threat,shore,hene,threat,0.999997183795868,true,
1,7,7,0.93,0.01,57,2,1,shore,shore,coast,falu,shore,0.999937201941478,true,
1,7,7,0.93,0.01,58,1,2,danger,danger,cheek,hene,danger,0.999999999999998,true,
1,7,7,0.93,0.01,59,2,1,meter,threat,meter,nihatate,meter,0.999845612750526,true,
1,7,7,0.93,0.01,60,1,2,cheek,purse,cheek,qapamoma,cheek,0.999991346090978,true,
1,7,7,0.93,0.01,61,2,1,game,game,cheek,nihatate,game,1,true,
1,7,7,0.93,0.01,62,1,2,danger,danger,threat,hene,danger,0.936096205826138,true,
1,7,7,0.93,0.01,63,2,1,purse,purse,shore,loqi,purse,0.999999970281078,true,
1,7,7,0.93,0.01,64,1,2,threat,threat,coast,hene,threat,0.997208129347024,true,
1,7,7,0.93,0.01,65,2,1,shore,bag,shore,falu,shore,1,true,
1,7,7,0.93,0.01,66,1,2,meter,purse,meter,nihatate,meter,0.440991258839272,true,
1,7,7,0.93,0.01,67,2,1,danger,danger,game,hene,danger,0.998382720339438,true,
1,7,7,0.93,0.01,68,1,2,game,shore,game,loqi,shore,0.077701078097298,false,
1,7,7,0.93,0.01,69,2,1,purse,purse,danger,loqi,purse,0.999999999999975,true,
1,7,7,0.93,0.01,70,1,2,shore,shore,meter,falu,shore,1,true,
1,7,7,0.93,0.01,71,2,1,vitamin,game,vitamin,fuwo,game,0.843620066707724,false,
1,7,7,0.93,0.01,72,1,2,meter,meter,game,nihatate,meter,0.999999664940572,true,
1,7,7,0.93,0.01,73,2,1,coast,coast,vitamin,falu,coast,0.999999999595607,true,
1,7,7,0.93,0.01,74,1,2,coast,coast,game,falu,coast,0.999999999994943,true,
1,7,7,0.93,0.01,75,2,1,shore,shore,game,falu,shore,0.999828024282662,true,
1,7,7,0.93,0.01,76,1,2,bag,bag,shore,loqi,bag,0.99999999992729,true,
1,7,7,0.93,0.01,77,2,1,vitamin,meter,vitamin,lipu,vitamin,0.999999981965871,true,
1,7,7,0.93,0.01,78,1,2,danger,danger,threat,hene,danger,0.997104302482263,true,
1,7,7,0.93,0.01,79,2,1,danger,danger,meter,hene,danger,1,true,
1,7,7,0.93,0.01,80,1,2,shore,shore,cheek,falu,shore,0.99999998623786,true,
1,7,7,0.93,0.01,81,2,1,danger,danger,vitamin,hene,danger,0.999999791737147,true,
1,7,7,0.93,0.01,82,1,2,meter,danger,meter,nihatate,meter,1,true,
1,7,7,0.93,0.01,83,2,1,coast,coast,meter,falu,coast,1,true,
1,7,7,0.93,0.01,84,1,2,game,coast,game,fuwo,game,0.999999999995532,true,
1,7,7,0.93,0.01,85,2,1,shore,shore,meter,falu,shore,1,true,
1,7,7,0.93,0.01,86,1,2,game,game,vitamin,fuwo,game,1,true,
1,7,7,0.93,0.01,87,2,1,game,threat,game,fuwo,game,0.999999841278261,true,
1,7,7,0.93,0.01,88,1,2,meter,meter,cheek,nihatate,meter,0.999999349787999,true,
1,7,7,0.93,0.01,89,2,1,purse,purse,game,loqi,purse,0.999999999999998,true,
1,7,7,0.93,0.01,90,1,2,vitamin,danger,vitamin,lipu,vitamin,1,true,
1,7,7,0.93,0.01,91,2,1,purse,purse,coast,loqi,purse,0.999999617876671,true,
1,7,7,0.93,0.01,92,1,2,purse,purse,game,loqi,purse,1,true,
1,7,7,0.93,0.01,93,2,1,meter,bag,meter,nihatate,meter,0.999999324483703,true,
1,7,7,0.93,0.01,94,1,2,shore,shore,vitamin,falu,shore,1,true,
1,7,7,0.93,0.01,95,2,1,danger,danger,cheek,hene,danger,0.999988483403527,true,
1,7,7,0.93,0.01,96,1,2,cheek,threat,cheek,qapamoma,cheek,0.644515806186658,true,
1,7,7,0.93,0.01,97,2,1,bag,bag,danger,fuwo,bag,0.999999997816666,true,
1,7,7,0.93,0.01,98,1,2,bag,bag,vitamin,qapamoma,bag,0.999999966167235,true,
1,7,7,0.93,0.01,99,2,1,shore,shore,coast,falu,shore,0.999995949049572,true,
1,7,7,0.93,0.01,100,1,2,purse,purse,bag,loqi,purse,0.99998929324097,true,
1,7,7,0.93,0.01,101,2,1,vitamin,threat,vitamin,lipu,vitamin,0.999999650935751,true,
1,7,7,0.93,0.01,102,1,2,cheek,meter,cheek,qapamoma,cheek,1,true,
1,7,7,0.93,0.01,103,2,1,coast,danger,coast,falu,coast,0.99999705779116,true,
1,7,7,0.93,0.01,104,1,2,meter,bag,meter,nihatate,meter,0.999998917609689,true,
1,7,7,0.93,0.01,105,2,1,shore,danger,shore,falu,shore,0.999999993136488,true,
1,7,7,0.93,0.01,106,1,2,cheek,shore,cheek,qapamoma,cheek,1,true,
1,7,7,0.93,0.01,107,2,1,vitamin,coast,vitamin,lipu,vitamin,0.999999979308319,true,
1,7,7,0.93,0.01,108,1,2,cheek,purse,cheek,qapamoma,cheek,0.999999999999987,true,
1,7,7,0.93,0.01,109,2,1,coast,coast,cheek,falu,coast,1,true,
1,7,7,0.93,0.01,110,1,2,cheek,coast,cheek,qapamoma,cheek,1,true,
1,7,7,0.93,0.01,111,2,1,threat,threat,vitamin,hene,threat,0.999999999999801,true,
1,7,7,0.93,0.01,112,1,2,vitamin,vitamin,cheek,lipu,vitamin,1,true,
1,7,7,0.93,0.01,113,2,1,purse,purse,meter,loqi,purse,1,true,
1,7,7,0.93,0.01,114,1,2,game,danger,game,loqi,game,0.993088136413538,true,
1,7,7,0.93,0.01,115,2,1,coast,coast,meter,falu,coast,0.999999999999993,true,
1,7,7,0.93,0.01,116,1,2,game,threat,game,loqi,game,0.999999999992003,true,
1,7,7,0.93,0.01,117,2,1,danger,danger,coast,hene,danger,0.999999989914052,true,
1,7,7,0.93,0.01,118,1,2,threat,threat,cheek,hene,threat,0.999999999990788,true,
1,7,7,0.93,0.01,119,2,1,cheek,bag,cheek,qapamoma,cheek,0.999999798845548,true,
1,7,7,0.93,0.01,120,1,2,shore,shore,vitamin,falu,shore,0.999999999999798,true,
2,7,7,0.93,0.01,0,1,2,threat,threat,coast,qapamoma,threat,0.169831146993563,true,
2,7,7,0.93,0.01,1,2,1,bag,bag,coast,hene,coast,0.390352611742253,false,
2,7,7,0.93,0.01,2,1,2,coast,coast,meter,nihatate,meter,1.01461715048924E-07,false,
2,7,7,0.93,0.01,3,2,1,shore,shore,cheek,hene,shore,0.501264781954659,true,
2,7,7,0.93,0.01,4,1,2,purse,purse,cheek,hene,cheek,0.268893353575309,false,
2,7,7,0.93,0.01,5,2,1,game,coast,game,qapamoma,coast,0.001592521585457,false,
2,7,7,0.93,0.01,6,1,2,purse,purse,threat,lipu,purse,0.902583108204966,true,
2,7,7,0.93,0.01,7,2,1,meter,shore,meter,loqi,shore,4.03093651230017E-14,false,
2,7,7,0.93,0.01,8,1,2,danger,danger,cheek,qapamoma,danger,0.998808380286006,true,
2,7,7,0.93,0.01,9,2,1,threat,threat,game,qapamoma,game,0.002738848252194,false,
2,7,7,0.93,0.01,10,1,2,coast,purse,coast,falu,purse,2.00965442944109E-06,false,
2,7,7,0.93,0.01,11,2,1,vitamin,bag,vitamin,nihatate,bag,0.022603650225393,false,
2,7,7,0.93,0.01,12,1,2,bag,bag,danger,lipu,danger,1.74636076521859E-06,false,
2,7,7,0.93,0.01,13,2,1,danger,danger,meter,qapamoma,danger,0.999999923917568,true,
2,7,7,0.93,0.01,14,1,2,vitamin,danger,vitamin,nihatate,vitamin,0.99995428259384,true,
2,7,7,0.93,0.01,15,2,1,meter,bag,meter,fuwo,bag,0.000898886076706,false,
2,7,7,0.93,0.01,16,1,2,cheek,threat,cheek,hene,threat,0.008114448328424,false,
2,7,7,0.93,0.01,17,2,1,purse,purse,vitamin,lipu,purse,0.999999999037332,true,
2,7,7,0.93,0.01,18,1,2,shore,shore,vitamin,loqi,shore,0.999115337785668,true,
2,7,7,0.93,0.01,19,2,1,meter,meter,vitamin,fuwo,meter,0.999999999999993,true,
2,7,7,0.93,0.01,20,1,2,game,meter,game,hene,game,0.999999989627877,true,
2,7,7,0.93,0.01,21,2,1,shore,shore,coast,loqi,shore,0.999828431552952,true,
2,7,7,0.93,0.01,22,1,2,purse,purse,meter,lipu,purse,1,true,
2,7,7,0.93,0.01,23,2,1,game,game,vitamin,hene,game,1,true,
2,7,7,0.93,0.01,24,1,2,threat,threat,meter,qapamoma,threat,0.999999999999927,true,
2,7,7,0.93,0.01,25,2,1,threat,threat,shore,qapamoma,threat,0.999999999999997,true,
2,7,7,0.93,0.01,26,1,2,game,purse,game,hene,game,0.999999999999999,true,
2,7,7,0.93,0.01,27,2,1,danger,danger,shore,qapamoma,danger,0.999999998824546,true,
2,7,7,0.93,0.01,28,1,2,danger,purse,danger,qapamoma,danger,0.999999999999285,true,
2,7,7,0.93,0.01,29,2,1,cheek,coast,cheek,hene,coast,0.220583931507352,false,
2,7,7,0.93,0.01,30,1,2,coast,danger,coast,fuwo,coast,0.999999999913047,true,
2,7,7,0.93,0.01,31,2,1,vitamin,coast,vitamin,nihatate,vitamin,1,true,
2,7,7,0.93,0.01,32,1,2,vitamin,threat,vitamin,nihatate,vitamin,0.999999987460568,true,
2,7,7,0.93,0.01,33,2,1,bag,bag,cheek,lipu,cheek,0.111293534134636,false,
2,7,7,0.93,0.01,34,1,2,danger,danger,game,qapamoma,danger,1,true,
2,7,7,0.93,0.01,35,2,1,bag,bag,shore,fuwo,bag,0.87686011238831,true,
2,7,7,0.93,0.01,36,1,2,shore,shore,game,loqi,shore,0.999999999999925,true,
2,7,7,0.93,0.01,37,2,1,cheek,meter,cheek,lipu,cheek,0.98366766478768,true,
2,7,7,0.93,0.01,38,1,2,bag,bag,threat,lipu,threat,1.32242402545937E-08,false,
2,7,7,0.93,0.01,39,2,1,purse,purse,bag,fuwo,bag,0.017058283862575,false,
2,7,7,0.93,0.01,40,1,2,game,bag,game,hene,game,1,true,
2,7,7,0.93,0.01,41,2,1,shore,purse,shore,loqi,shore,0.999999890298327,true,
2,7,7,0.93,0.01,42,1,2,threat,danger,threat,lipu,threat,0.967981165033358,true,
2,7,7,0.93,0.01,43,2,1,cheek,vitamin,cheek,lipu,cheek,0.999999999999991,true,
2,7,7,0.93,0.01,44,1,2,cheek,game,cheek,loqi,game,0.008338644322159,false,
2,7,7,0.93,0.01,45,2,1,bag,bag,coast,fuwo,bag,0.774750301709434,true,
2,7,7,0.93,0.01,46,1,2,bag,bag,threat,fuwo,bag,0.999997852800925,true,
2,7,7,0.93,0.01,47,2,1,game,meter,game,hene,game,0.999999448299217,true,
2,7,7,0.93,0.01,48,1,2,bag,bag,game,fuwo,bag,1,true,
2,7,7,0.93,0.01,49,2,1,vitamin,bag,vitamin,nihatate,vitamin,1,true,
2,7,7,0.93,0.01,50,1,2,bag,purse,bag,fuwo,bag,0.999997601254685,true,
2,7,7,0.93,0.01,51,2,1,bag,bag,game,fuwo,bag,1,true,
2,7,7,0.93,0.01,52,1,2,purse,purse,shore,falu,purse,0.992430727881738,true,
2,7,7,0.93,0.01,53,2,1,game,game,cheek,hene,game,0.99996513550761,true,
2,7,7,0.93,0.01,54,1,2,danger,bag,danger,qapamoma,danger,1,true,
2,7,7,0.93,0.01,55,2,1,coast,threat,coast,loqi,coast,0.999999999993262,true,
2,7,7,0.93,0.01,56,1,2,threat,threat,shore,lipu,threat,0.999671908457164,true,
2,7,7,0.93,0.01,57,2,1,shore,shore,coast,loqi,shore,0.806161463188868,true,
2,7,7,0.93,0.01,58,1,2,danger,danger,cheek,qapamoma,danger,0.999995533177636,true,
2,7,7,0.93,0.01,59,2,1,meter,threat,meter,qapamoma,meter,0.999999999999396,true,
2,7,7,0.93,0.01,60,1,2,cheek,purse,cheek,loqi,purse,0.000347471461555,false,
2,7,7,0.93,0.01,61,2,1,game,game,cheek,hene,game,0.999973655176989,true,
2,7,7,0.93,0.01,62,1,2,danger,danger,threat,qapamoma,danger,0.92265118997762,true,
2,7,7,0.93,0.01,63,2,1,purse,purse,shore,falu,shore,0.470361611059872,false,
2,7,7,0.93,0.01,64,1,2,threat,threat,coast,lipu,threat,0.99999893498614,true,
2,7,7,0.93,0.01,65,2,1,shore,bag,shore,falu,shore,0.99999976794471,true,
2,7,7,0.93,0.01,66,1,2,meter,purse,meter,lipu,purse,2.94691588395255E-10,false,
2,7,7,0.93,0.01,67,2,1,danger,danger,game,qapamoma,danger,1,true,
2,7,7,0.93,0.01,68,1,2,game,shore,game,hene,game,1,true,
2,7,7,0.93,0.01,69,2,1,purse,purse,danger,nihatate,purse,0.999999971032655,true,
2,7,7,0.93,0.01,70,1,2,shore,shore,meter,loqi,meter,5.75166281804556E-05,false,
2,7,7,0.93,0.01,71,2,1,vitamin,game,vitamin,falu,vitamin,0.999999999998575,true,
2,7,7,0.93,0.01,72,1,2,meter,meter,game,loqi,meter,0.999999999642412,true,
2,7,7,0.93,0.01,73,2,1,coast,coast,vitamin,loqi,coast,0.97734808320993,true,
2,7,7,0.93,0.01,74,1,2,coast,coast,game,lipu,coast,0.999297473277974,true,
2,7,7,0.93,0.01,75,2,1,shore,shore,game,loqi,shore,1,true,
2,7,7,0.93,0.01,76,1,2,bag,bag,shore,lipu,bag,0.999635927475437,true,
2,7,7,0.93,0.01,77,2,1,vitamin,meter,vitamin,falu,vitamin,1,true,
2,7,7,0.93,0.01,78,1,2,danger,danger,threat,qapamoma,danger,0.99983064307625,true,
2,7,7,0.93,0.01,79,2,1,danger,danger,meter,qapamoma,danger,1,true,
2,7,7,0.93,0.01,80,1,2,shore,shore,cheek,nihatate,cheek,2.14518226765644E-10,false,
2,7,7,0.93,0.01,81,2,1,danger,danger,vitamin,qapamoma,danger,1,true,
2,7,7,0.93,0.01,82,1,2,meter,danger,meter,loqi,meter,1,true,
2,7,7,0.93,0.01,83,2,1,coast,coast,meter,loqi,meter,4.29933632067504E-07,false,
2,7,7,0.93,0.01,84,1,2,game,coast,game,hene,game,0.998348554795908,true,
2,7,7,0.93,0.01,85,2,1,shore,shore,meter,lipu,shore,0.999999999999998,true,
2,7,7,0.93,0.01,86,1,2,game,game,vitamin,hene,game,1,true,
2,7,7,0.93,0.01,87,2,1,game,threat,game,hene,game,0.999999978969142,true,
2,7,7,0.93,0.01,88,1,2,meter,meter,cheek,loqi,meter,0.99999999827879,true,
2,7,7,0.93,0.01,89,2,1,purse,purse,game,nihatate,purse,0.999999999999812,true,
2,7,7,0.93,0.01,90,1,2,vitamin,danger,vitamin,falu,vitamin,1,true,
2,7,7,0.93,0.01,91,2,1,purse,purse,coast,nihatate,purse,0.969182103489052,true,
2,7,7,0.93,0.01,92,1,2,purse,purse,game,nihatate,purse,1,true,
2,7,7,0.93,0.01,93,2,1,meter,bag,meter,loqi,meter,0.999999936102127,true,
2,7,7,0.93,0.01,94,1,2,shore,shore,vitamin,fuwo,shore,0.999999999999378,true,
2,7,7,0.93,0.01,95,2,1,danger,danger,cheek,qapamoma,danger,0.999998218930679,true,
2,7,7,0.93,0.01,96,1,2,cheek,threat,cheek,fuwo,threat,0.408095793577198,false,
2,7,7,0.93,0.01,97,2,1,bag,bag,danger,lipu,bag,0.999999978518545,true,
2,7,7,0.93,0.01,98,1,2,bag,bag,vitamin,lipu,bag,0.999999999999949,true,
2,7,7,0.93,0.01,99,2,1,shore,shore,coast,fuwo,shore,0.751854926238179,true,
2,7,7,0.93,0.01,100,1,2,purse,purse,bag,nihatate,purse,0.99999999999734,true,
2,7,7,0.93,0.01,101,2,1,vitamin,threat,vitamin,falu,vitamin,0.999999998239678,true,
2,7,7,0.93,0.01,102,1,2,cheek,meter,cheek,fuwo,cheek,1,true,
2,7,7,0.93,0.01,103,2,1,coast,danger,coast,lipu,coast,0.999934758138079,true,
2,7,7,0.93,0.01,104,1,2,meter,bag,meter,loqi,meter,0.999999907760324,true,
2,7,7,0.93,0.01,105,2,1,shore,danger,shore,fuwo,shore,0.999736474309687,true,
2,7,7,0.93,0.01,106,1,2,cheek,shore,cheek,fuwo,shore,1.08421462103345E-05,false,
2,7,7,0.93,0.01,107,2,1,vitamin,coast,vitamin,falu,vitamin,0.999928343419114,true,
2,7,7,0.93,0.01,108,1,2,cheek,purse,cheek,fuwo,cheek,0.999999999928315,true,
2,7,7,0.93,0.01,109,2,1,coast,coast,cheek,lipu,coast,0.999999999999996,true,
2,7,7,0.93,0.01,110,1,2,cheek,coast,cheek,fuwo,cheek,1,true,
2,7,7,0.93,0.01,111,2,1,threat,threat,vitamin,qapamoma,threat,0.99999999999882,true,
2,7,7,0.93,0.01,112,1,2,vitamin,vitamin,cheek,falu,vitamin,1,true,
2,7,7,0.93,0.01,113,2,1,purse,purse,meter,nihatate,purse,1,true,
2,7,7,0.93,0.01,114,1,2,game,danger,game,qapamoma,danger,0.082630625790525,false,
2,7,7,0.93,0.01,115,2,1,coast,coast,meter,lipu,coast,0.99999999999859,true,
2,7,7,0.93,0.01,116,1,2,game,threat,game,lipu,game,0.999999739885157,true,
2,7,7,0.93,0.01,117,2,1,danger,danger,coast,qapamoma,danger,0.999965486619912,true,
2,7,7,0.93,0.01,118,1,2,threat,threat,cheek,qapamoma,threat,0.999999998985654,true,
2,7,7,0.93,0.01,119,2,1,cheek,bag,cheek,fuwo,cheek,0.999999970806364,true,
2,7,7,0.93,0.01,120,1,2,shore,shore,vitamin,fuwo,shore,0.999999999957311,true,
3,7,7,0.93,0.01,0,1,2,threat,threat,coast,lipu,coast,0.456147240113434,false,
3,7,7,0.93,0.01,1,2,1,bag,bag,coast,loqi,bag,0.999999968908725,true,
3,7,7,0.93,0.01,2,1,2,coast,coast,meter,lipu,coast,0.604262106184488,true,
3,7,7,0.93,0.01,3,2,1,shore,shore,cheek,lipu,shore,0.977576512783103,true,
3,7,7,0.93,0.01,4,1,2,purse,purse,cheek,loqi,purse,0.886465669411894,true,
3,7,7,0.93,0.01,5,2,1,game,coast,game,nihatate,game,0.999999996670937,true,
3,7,7,0.93,0.01,6,1,2,purse,purse,threat,loqi,purse,0.991040160997236,true,
3,7,7,0.93,0.01,7,2,1,meter,shore,meter,hene,shore,0.00256224600709,false,
3,7,7,0.93,0.01,8,1,2,danger,danger,cheek,qapamoma,danger,0.941530418185724,true,
3,7,7,0.93,0.01,9,2,1,threat,threat,game,nihatate,game,1.67859598145562E-07,false,
3,7,7,0.93,0.01,10,1,2,coast,purse,coast,lipu,coast,0.999998898565649,true,
3,7,7,0.93,0.01,11,2,1,vitamin,bag,vitamin,falu,bag,0.014860197090476,false,
3,7,7,0.93,0.01,12,1,2,bag,bag,danger,qapamoma,danger,6.73941582698431E-13,false,
3,7,7,0.93,0.01,13,2,1,danger,danger,meter,qapamoma,danger,0.999999999985591,true,
3,7,7,0.93,0.01,14,1,2,vitamin,danger,vitamin,falu,vitamin,0.999999999291621,true,
3,7,7,0.93,0.01,15,2,1,meter,bag,meter,loqi,bag,0.000191435231708,false,
3,7,7,0.93,0.01,16,1,2,cheek,threat,cheek,fuwo,threat,0.181557814783275,false,
3,7,7,0.93,0.01,17,2,1,purse,purse,vitamin,loqi,purse,1,true,
3,7,7,0.93,0.01,18,1,2,shore,shore,vitamin,lipu,shore,0.999995595737657,true,
3,7,7,0.93,0.01,19,2,1,meter,meter,vitamin,fuwo,meter,0.999999999999977,true,
3,7,7,0.93,0.01,20,1,2,game,meter,game,nihatate,game,1,true,
3,7,7,0.93,0.01,21,2,1,shore,shore,coast,lipu,coast,0.513441744285857,false,
3,7,7,0.93,0.01,22,1,2,purse,purse,meter,loqi,purse,1,true,
3,7,7,0.93,0.01,23,2,1,game,game,vitamin,nihatate,game,1,true,
3,7,7,0.93,0.01,24,1,2,threat,threat,meter,fuwo,meter,1.39909484358577E-06,false,
3,7,7,0.93,0.01,25,2,1,threat,threat,shore,hene,threat,0.999999999105722,true,
3,7,7,0.93,0.01,26,1,2,game,purse,game,nihatate,game,1,true,
3,7,7,0.93,0.01,27,2,1,danger,danger,shore,qapamoma,danger,0.999999999983913,true,
3,7,7,0.93,0.01,28,1,2,danger,purse,danger,qapamoma,danger,1,true,
3,7,7,0.93,0.01,29,2,1,cheek,coast,cheek,fuwo,cheek,0.892541939390851,true,
3,7,7,0.93,0.01,30,1,2,coast,danger,coast,lipu,coast,1,true,
3,7,7,0.93,0.01,31,2,1,vitamin,coast,vitamin,falu,vitamin,1,true,
3,7,7,0.93,0.01,32,1,2,vitamin,threat,vitamin,falu,vitamin,0.999999543613776,true,
3,7,7,0.93,0.01,33,2,1,bag,bag,cheek,loqi,bag,0.985481099295059,true,
3,7,7,0.93,0.01,34,1,2,danger,danger,game,qapamoma,danger,1,true,
3,7,7,0.93,0.01,35,2,1,bag,bag,shore,loqi,bag,0.999999699188122,true,
3,7,7,0.93,0.01,36,1,2,shore,shore,game,lipu,shore,0.999999999999972,true,
3,7,7,0.93,0.01,37,2,1,cheek,meter,cheek,fuwo,meter,0.114731038086272,false,
3,7,7,0.93,0.01,38,1,2,bag,bag,threat,loqi,bag,0.99999975103194,true,
3,7,7,0.93,0.01,39,2,1,purse,purse,bag,hene,purse,0.999999999999982,true,
3,7,7,0.93,0.01,40,1,2,game,bag,game,nihatate,game,1,true,
3,7,7,0.93,0.01,41,2,1,shore,purse,shore,lipu,shore,0.999958380974166,true,
3,7,7,0.93,0.01,42,1,2,threat,danger,threat,qapamoma,danger,0.001177896447586,false,
3,7,7,0.93,0.01,43,2,1,cheek,vitamin,cheek,qapamoma,cheek,0.999999515258548,true,
3,7,7,0.93,0.01,44,1,2,cheek,game,cheek,lipu,cheek,0.549752719357355,true,
3,7,7,0.93,0.01,45,2,1,bag,bag,coast,loqi,bag,0.999999956846934,true,
3,7,7,0.93,0.01,46,1,2,bag,bag,threat,loqi,bag,0.999999998441681,true,
3,7,7,0.93,0.01,47,2,1,game,meter,game,nihatate,game,0.999999999999897,true,
3,7,7,0.93,0.01,48,1,2,bag,bag,game,loqi,bag,1,true,
3,7,7,0.93,0.01,49,2,1,vitamin,bag,vitamin,falu,vitamin,1,true,
3,7,7,0.93,0.01,50,1,2,bag,purse,bag,loqi,bag,0.999998443404618,true,
3,7,7,0.93,0.01,51,2,1,bag,bag,game,loqi,bag,1,true,
3,7,7,0.93,0.01,52,1,2,purse,purse,shore,hene,purse,0.99999978152255,true,
3,7,7,0.93,0.01,53,2,1,game,game,cheek,nihatate,game,0.999998942578589,true,
3,7,7,0.93,0.01,54,1,2,danger,bag,danger,qapamoma,danger,0.999999999999996,true,
3,7,7,0.93,0.01,55,2,1,coast,threat,coast,qapamoma,coast,0.819302900214692,true,
3,7,7,0.93,0.01,56,1,2,threat,threat,shore,fuwo,threat,0.999966377008553,true,
3,7,7,0.93,0.01,57,2,1,shore,shore,coast,lipu,shore,0.828276813000592,true,
3,7,7,0.93,0.01,58,1,2,danger,danger,cheek,qapamoma,danger,0.839060214695149,true,
3,7,7,0.93,0.01,59,2,1,meter,threat,meter,fuwo,threat,5.69646288992685E-07,false,
3,7,7,0.93,0.01,60,1,2,cheek,purse,cheek,lipu,cheek,0.973286348161119,true,
3,7,7,0.93,0.01,61,2,1,game,game,cheek,nihatate,game,1,true,
3,7,7,0.93,0.01,62,1,2,danger,danger,threat,qapamoma,danger,0.996687871480897,true,
3,7,7,0.93,0.01,63,2,1,purse,purse,shore,hene,purse,0.962966333696306,true,
3,7,7,0.93,0.01,64,1,2,threat,threat,coast,fuwo,threat,0.999996156356746,true,
3,7,7,0.93,0.01,65,2,1,shore,bag,shore,lipu,shore,0.999999999999996,true,
3,7,7,0.93,0.01,66,1,2,meter,purse,meter,nihatate,meter,0.999999999375703,true,
3,7,7,0.93,0.01,67,2,1,danger,danger,game,qapamoma,danger,0.999999996261669,true,
3,7,7,0.93,0.01,68,1,2,game,shore,game,nihatate,game,1,true,
3,7,7,0.93,0.01,69,2,1,purse,purse,danger,hene,purse,1,true,
3,7,7,0.93,0.01,70,1,2,shore,shore,meter,lipu,shore,0.999833532731515,true,
3,7,7,0.93,0.01,71,2,1,vitamin,game,vitamin,falu,vitamin,1,true,
3,7,7,0.93,0.01,72,1,2,meter,meter,game,fuwo,meter,0.999999999999991,true,
3,7,7,0.93,0.01,73,2,1,coast,coast,vitamin,loqi,coast,0.999999972664832,true,
3,7,7,0.93,0.01,74,1,2,coast,coast,game,loqi,coast,1,true,
3,7,7,0.93,0.01,75,2,1,shore,shore,game,lipu,shore,1,true,
3,7,7,0.93,0.01,76,1,2,bag,bag,shore,hene,bag,0.999999999999996,true,
3,7,7,0.93,0.01,77,2,1,vitamin,meter,vitamin,falu,vitamin,1,true,
3,7,7,0.93,0.01,78,1,2,danger,danger,threat,qapamoma,danger,0.999992378180871,true,
3,7,7,0.93,0.01,79,2,1,danger,danger,meter,qapamoma,danger,1,true,
3,7,7,0.93,0.01,80,1,2,shore,shore,cheek,lipu,shore,0.999986408582899,true,
3,7,7,0.93,0.01,81,2,1,danger,danger,vitamin,qapamoma,danger,0.999999999999998,true,
3,7,7,0.93,0.01,82,1,2,meter,danger,meter,fuwo,meter,0.999999999999762,true,
3,7,7,0.93,0.01,83,2,1,coast,coast,meter,loqi,coast,1,true,
3,7,7,0.93,0.01,84,1,2,game,coast,game,nihatate,game,0.999999999999998,true,
3,7,7,0.93,0.01,85,2,1,shore,shore,meter,lipu,shore,1,true,
3,7,7,0.93,0.01,86,1,2,game,game,vitamin,nihatate,game,1,true,
3,7,7,0.93,0.01,87,2,1,game,threat,game,nihatate,game,0.999999952165554,true,
3,7,7,0.93,0.01,88,1,2,meter,meter,cheek,fuwo,meter,0.995604509797016,true,
3,7,7,0.93,0.01,89,2,1,purse,purse,game,hene,purse,1,true,
3,7,7,0.93,0.01,90,1,2,vitamin,danger,vitamin,falu,vitamin,1,true,
3,7,7,0.93,0.01,91,2,1,purse,purse,coast,hene,purse,0.999997997996465,true,
3,7,7,0.93,0.01,92,1,2,purse,purse,game,hene,purse,1,true,
3,7,7,0.93,0.01,93,2,1,meter,bag,meter,fuwo,meter,0.99999978536481,true,
3,7,7,0.93,0.01,94,1,2,shore,shore,vitamin,lipu,shore,1,true,
3,7,7,0.93,0.01,95,2,1,danger,danger,cheek,qapamoma,danger,0.999222777159882,true,
3,7,7,0.93,0.01,96,1,2,cheek,threat,cheek,loqi,cheek,0.787529494866619,true,
3,7,7,0.93,0.01,97,2,1,bag,bag,danger,falu,bag,0.999999997226794,true,
3,7,7,0.93,0.01,98,1,2,bag,bag,vitamin,hene,bag,0.999553597283091,true,
3,7,7,0.93,0.01,99,2,1,shore,shore,coast,lipu,shore,0.999979991736779,true,
3,7,7,0.93,0.01,100,1,2,purse,purse,bag,hene,purse,0.998931703404317,true,
3,7,7,0.93,0.01,101,2,1,vitamin,threat,vitamin,falu,vitamin,0.999997408391566,true,
3,7,7,0.93,0.01,102,1,2,cheek,meter,cheek,loqi,cheek,1,true,
3,7,7,0.93,0.01,103,2,1,coast,danger,coast,loqi,coast,0.999785741811406,true,
3,7,7,0.93,0.01,104,1,2,meter,bag,meter,fuwo,meter,0.999997503720325,true,
3,7,7,0.93,0.01,105,2,1,shore,danger,shore,lipu,shore,0.999997700778307,true,
3,7,7,0.93,0.01,106,1,2,cheek,shore,cheek,loqi,cheek,1,true,
3,7,7,0.93,0.01,107,2,1,vitamin,coast,vitamin,falu,vitamin,0.999882099865688,true,
3,7,7,0.93,0.01,108,1,2,cheek,purse,cheek,loqi,cheek,0.999999999999997,true,
3,7,7,0.93,0.01,109,2,1,coast,coast,cheek,hene,coast,1,true,
3,7,7,0.93,0.01,110,1,2,cheek,coast,cheek,loqi,cheek,0.999999999999098,true,
3,7,7,0.93,0.01,111,2,1,threat,threat,vitamin,qapamoma,threat,0.999999999993744,true,
3,7,7,0.93,0.01,112,1,2,vitamin,vitamin,cheek,falu,vitamin,1,true,
3,7,7,0.93,0.01,113,2,1,purse,purse,meter,hene,purse,1,true,
3,7,7,0.93,0.01,114,1,2,game,danger,game,nihatate,game,0.998551989976388,true,
3,7,7,0.93,0.01,115,2,1,coast,coast,meter,hene,coast,0.999999999999645,true,
3,7,7,0.93,0.01,116,1,2,game,threat,game,nihatate,game,0.999999999997705,true,
3,7,7,0.93,0.01,117,2,1,danger,danger,coast,qapamoma,danger,0.661523495151882,true,
3,7,7,0.93,0.01,118,1,2,threat,threat,cheek,qapamoma,threat,0.999999999998888,true,
3,7,7,0.93,0.01,119,2,1,cheek,bag,cheek,loqi,cheek,0.999999996782471,true,
3,7,7,0.93,0.01,120,1,2,shore,shore,vitamin,lipu,shore,1,true,
4,7,7,0.93,0.01,0,1,2,threat,threat,coast,hene,threat,0.48210858516439,true,
4,7,7,0.93,0.01,1,2,1,bag,bag,coast,falu,bag,0.843942630476374,true,
4,7,7,0.93,0.01,2,1,2,coast,coast,meter,loqi,coast,0.625598070459611,true,
4,7,7,0.93,0.01,3,2,1,shore,shore,cheek,loqi,shore,0.814189677143286,true,
4,7,7,0.93,0.01,4,1,2,purse,purse,cheek,falu,purse,0.786656768997851,true,
4,7,7,0.93,0.01,5,2,1,game,coast,game,qapamoma,game,0.999999396448804,true,
4,7,7,0.93,0.01,6,1,2,purse,purse,threat,falu,purse,0.99991988624168,true,
4,7,7,0.93,0.01,7,2,1,meter,shore,meter,fuwo,meter,0.857859448397946,true,
4,7,7,0.93,0.01,8,1,2,danger,danger,cheek,hene,danger,0.97396234423444,true,
4,7,7,0.93,0.01,9,2,1,threat,threat,game,hene,threat,0.998775150775424,true,
4,7,7,0.93,0.01,10,1,2,coast,purse,coast,loqi,coast,0.999999888617851,true,
4,7,7,0.93,0.01,11,2,1,vitamin,bag,vitamin,lipu,bag,0.003582462730345,false,
4,7,7,0.93,0.01,12,1,2,bag,bag,danger,falu,bag,0.995808392851605,true,
4,7,7,0.93,0.01,13,2,1,danger,danger,meter,hene,danger,0.999999867035687,true,
4,7,7,0.93,0.01,14,1,2,vitamin,danger,vitamin,lipu,vitamin,0.999999764574389,true,
4,7,7,0.93,0.01,15,2,1,meter,bag,meter,fuwo,meter,0.999999995803121,true,
4,7,7,0.93,0.01,16,1,2,cheek,threat,cheek,nihatate,cheek,0.996425946233181,true,
4,7,7,0.93,0.01,17,2,1,purse,purse,vitamin,falu,purse,1,true,
4,7,7,0.93,0.01,18,1,2,shore,shore,vitamin,loqi,shore,0.999999310402504,true,
4,7,7,0.93,0.01,19,2,1,meter,meter,vitamin,fuwo,meter,1,true,
4,7,7,0.93,0.01,20,1,2,game,meter,game,qapamoma,game,1,true,
4,7,7,0.93,0.01,21,2,1,shore,shore,coast,loqi,shore,0.79880000284342,true,
4,7,7,0.93,0.01,22,1,2,purse,purse,meter,falu,purse,1,true,
4,7,7,0.93,0.01,23,2,1,game,game,vitamin,qapamoma,game,1,true,
4,7,7,0.93,0.01,24,1,2,threat,threat,meter,hene,threat,1,true,
4,7,7,0.93,0.01,25,2,1,threat,threat,shore,hene,threat,1,true,
4,7,7,0.93,0.01,26,1,2,game,purse,game,qapamoma,game,1,true,
4,7,7,0.93,0.01,27,2,1,danger,danger,shore,hene,danger,0.999999999995554,true,
4,7,7,0.93,0.01,28,1,2,danger,purse,danger,hene,danger,0.999999999999957,true,
4,7,7,0.93,0.01,29,2,1,cheek,coast,cheek,nihatate,cheek,0.999999270232496,true,
4,7,7,0.93,0.01,30,1,2,coast,danger,coast,loqi,coast,0.999999999994126,true,
4,7,7,0.93,0.01,31,2,1,vitamin,coast,vitamin,lipu,vitamin,1,true,
4,7,7,0.93,0.01,32,1,2,vitamin,threat,vitamin,lipu,vitamin,0.999999999999554,true,
4,7,7,0.93,0.01,33,2,1,bag,bag,cheek,falu,bag,0.999999999999988,true,
4,7,7,0.93,0.01,34,1,2,danger,danger,game,hene,danger,1,true,
4,7,7,0.93,0.01,35,2,1,bag,bag,shore,falu,bag,0.99999987082848,true,
4,7,7,0.93,0.01,36,1,2,shore,shore,game,loqi,shore,0.999999999999995,true,
4,7,7,0.93,0.01,37,2,1,cheek,meter,cheek,nihatate,cheek,0.999999997725974,true,
4,7,7,0.93,0.01,38,1,2,bag,bag,threat,falu,bag,0.999999999205396,true,
4,7,7,0.93,0.01,39,2,1,purse,purse,bag,lipu,purse,0.999999999999982,true,
4,7,7,0.93,0.01,40,1,2,game,bag,game,qapamoma,game,1,true,
4,7,7,0.93,0.01,41,2,1,shore,purse,shore,loqi,shore,0.999967292549274,true,
4,7,7,0.93,0.01,42,1,2,threat,danger,threat,hene,danger,0.012868901582998,false,
4,7,7,0.93,0.01,43,2,1,cheek,vitamin,cheek,nihatate,cheek,1,true,
4,7,7,0.93,0.01,44,1,2,cheek,game,cheek,nihatate,cheek,1,true,
4,7,7,0.93,0.01,45,2,1,bag,bag,coast,falu,bag,0.999999999630622,true,
4,7,7,0.93,0.01,46,1,2,bag,bag,threat,falu,bag,1,true,
4,7,7,0.93,0.01,47,2,1,game,meter,game,qapamoma,game,0.999999991165458,true,
4,7,7,0.93,0.01,48,1,2,bag,bag,game,falu,bag,1,true,
4,7,7,0.93,0.01,49,2,1,vitamin,bag,vitamin,lipu,vitamin,1,true,
4,7,7,0.93,0.01,50,1,2,bag,purse,bag,falu,bag,0.999998516529783,true,
4,7,7,0.93,0.01,51,2,1,bag,bag,game,falu,bag,1,true,
4,7,7,0.93,0.01,52,1,2,purse,purse,shore,falu,purse,0.999999999172646,true,
4,7,7,0.93,0.01,53,2,1,game,game,cheek,qapamoma,game,1,true,
4,7,7,0.93,0.01,54,1,2,danger,bag,danger,hene,danger,1,true,
4,7,7,0.93,0.01,55,2,1,coast,threat,coast,loqi,coast,0.989174773198558,true,
4,7,7,0.93,0.01,56,1,2,threat,threat,shore,fuwo,shore,0.362369008167236,false,
4,7,7,0.93,0.01,57,2,1,shore,shore,coast,loqi,shore,0.254123491858635,true,
4,7,7,0.93,0.01,58,1,2,danger,danger,cheek,hene,danger,0.99999999999981,true,
4,7,7,0.93,0.01,59,2,1,meter,threat,meter,fuwo,meter,0.5919780814514,true,
4,7,7,0.93,0.01,60,1,2,cheek,purse,cheek,nihatate,cheek,0.999999029955872,true,
4,7,7,0.93,0.01,61,2,1,game,game,cheek,qapamoma,game,1,true,
4,7,7,0.93,0.01,62,1,2,danger,danger,threat,hene,danger,0.942724806267189,true,
4,7,7,0.93,0.01,63,2,1,purse,purse,shore,falu,purse,0.999967496540303,true,
4,7,7,0.93,0.01,64,1,2,threat,threat,coast,fuwo,threat,0.999998397630301,true,
4,7,7,0.93,0.01,65,2,1,shore,bag,shore,loqi,shore,1,true,
4,7,7,0.93,0.01,66,1,2,meter,purse,meter,fuwo,meter,0.999999999935734,true,
4,7,7,0.93,0.01,67,2,1,danger,danger,game,hene,danger,0.999999999999999,true,
4,7,7,0.93,0.01,68,1,2,game,shore,game,qapamoma,game,1,true,
4,7,7,0.93,0.01,69,2,1,purse,purse,danger,falu,purse,1,true,
4,7,7,0.93,0.01,70,1,2,shore,shore,meter,loqi,shore,1,true,
4,7,7,0.93,0.01,71,2,1,vitamin,game,vitamin,lipu,vitamin,1,true,
4,7,7,0.93,0.01,72,1,2,meter,meter,game,fuwo,meter,1,true,
4,7,7,0.93,0.01,73,2,1,coast,coast,vitamin,loqi,coast,0.999999999525967,true,
4,7,7,0.93,0.01,74,1,2,coast,coast,game,loqi,coast,1,true,
4,7,7,0.93,0.01,75,2,1,shore,shore,game,loqi,shore,1,true,
4,7,7,0.93,0.01,76,1,2,bag,bag,shore,falu,bag,0.999999999958334,true,
4,7,7,0.93,0.01,77,2,1,vitamin,meter,vitamin,lipu,vitamin,1,true,
4,7,7,0.93,0.01,78,1,2,danger,danger,threat,hene,danger,0.9996314707424,true,
4,7,7,0.93,0.01,79,2,1,danger,danger,meter,hene,danger,1,true,
4,7,7,0.93,0.01,80,1,2,shore,shore,cheek,loqi,shore,0.999999986145428,true,
4,7,7,0.93,0.01,81,2,1,danger,danger,vitamin,hene,danger,0.99999999999991,true,
4,7,7,0.93,0.01,82,1,2,meter,danger,meter,fuwo,meter,1,true,
4,7,7,0.93,0.01,83,2,1,coast,coast,meter,loqi,coast,1,true,
4,7,7,0.93,0.01,84,1,2,game,coast,game,qapamoma,game,0.99999999999998,true,
4,7,7,0.93,0.01,85,2,1,shore,shore,meter,loqi,shore,1,true,
4,7,7,0.93,0.01,86,1,2,game,game,vitamin,qapamoma,game,1,true,
4,7,7,0.93,0.01,87,2,1,game,threat,game,qapamoma,game,0.999999963758099,true,
4,7,7,0.93,0.01,88,1,2,meter,meter,cheek,fuwo,meter,0.999999920192087,true,
4,7,7,0.93,0.01,89,2,1,purse,purse,game,falu,purse,1,true,
4,7,7,0.93,0.01,90,1,2,vitamin,danger,vitamin,lipu,vitamin,1,true,
4,7,7,0.93,0.01,91,2,1,purse,purse,coast,falu,purse,0.999999884086957,true,
4,7,7,0.93,0.01,92,1,2,purse,purse,game,falu,purse,1,true,
4,7,7,0.93,0.01,93,2,1,meter,bag,meter,fuwo,meter,0.999999753397513,true,
4,7,7,0.93,0.01,94,1,2,shore,shore,vitamin,loqi,shore,1,true,
4,7,7,0.93,0.01,95,2,1,danger,danger,cheek,hene,danger,0.99998607636644,true,
4,7,7,0.93,0.01,96,1,2,cheek,threat,cheek,nihatate,cheek,0.755888287952634,true,
4,7,7,0.93,0.01,97,2,1,bag,bag,danger,qapamoma,bag,0.999999999477424,true,
4,7,7,0.93,0.01,98,1,2,bag,bag,vitamin,hene,bag,0.999999328386485,true,
4,7,7,0.93,0.01,99,2,1,shore,shore,coast,loqi,shore,0.999987798558692,true,
4,7,7,0.93,0.01,100,1,2,purse,purse,bag,falu,purse,0.999992706057866,true,
4,7,7,0.93,0.01,101,2,1,vitamin,threat,vitamin,lipu,vitamin,0.999999044515039,true,
4,7,7,0.93,0.01,102,1,2,cheek,meter,cheek,nihatate,cheek,1,true,
4,7,7,0.93,0.01,103,2,1,coast,danger,coast,loqi,coast,0.999911228465092,true,
4,7,7,0.93,0.01,104,1,2,meter,bag,meter,fuwo,meter,0.99999601544312,true,
4,7,7,0.93,0.01,105,2,1,shore,danger,shore,loqi,shore,0.999999833563828,true,
4,7,7,0.93,0.01,106,1,2,cheek,shore,cheek,nihatate,cheek,1,true,
4,7,7,0.93,0.01,107,2,1,vitamin,coast,vitamin,lipu,vitamin,0.999998224756082,true,
4,7,7,0.93,0.01,108,1,2,cheek,purse,cheek,nihatate,cheek,1,true,
4,7,7,0.93,0.01,109,2,1,coast,coast,cheek,loqi,coast,1,true,
4,7,7,0.93,0.01,110,1,2,cheek,coast,cheek,nihatate,cheek,1,true,
4,7,7,0.93,0.01,111,2,1,threat,threat,vitamin,hene,threat,0.999999999965706,true,
4,7,7,0.93,0.01,112,1,2,vitamin,vitamin,cheek,lipu,vitamin,1,true,
4,7,7,0.93,0.01,113,2,1,purse,purse,meter,falu,purse,1,true,
4,7,7,0.93,0.01,114,1,2,game,danger,game,qapamoma,game,0.964396585714134,true,
4,7,7,0.93,0.01,115,2,1,coast,coast,meter,loqi,coast,0.99999999999997,true,
4,7,7,0.93,0.01,116,1,2,game,threat,game,qapamoma,game,0.999999999989219,true,
4,7,7,0.93,0.01,117,2,1,danger,danger,coast,hene,danger,0.999999943910913,true,
4,7,7,0.93,0.01,118,1,2,threat,threat,cheek,hene,threat,0.999999999999954,true,
4,7,7,0.93,0.01,119,2,1,cheek,bag,cheek,nihatate,cheek,0.999999956321433,true,
4,7,7,0.93,0.01,120,1,2,shore,shore,vitamin,loqi,shore,1,true,
5,7,7,0.93,0.01,0,1,2,threat,threat,coast,qapamoma,coast,0.476605902098413,false,
5,7,7,0.93,0.01,1,2,1,bag,bag,coast,loqi,bag,0.999999947305783,true,
5,7,7,0.93,0.01,2,1,2,coast,coast,meter,qapamoma,meter,0.069957161859811,false,
5,7,7,0.93,0.01,3,2,1,shore,shore,cheek,qapamoma,shore,0.888116273490894,true,
5,7,7,0.93,0.01,4,1,2,purse,purse,cheek,loqi,cheek,0.559611620071072,false,
5,7,7,0.93,0.01,5,2,1,game,coast,game,lipu,coast,0.26150782300588,false,
5,7,7,0.93,0.01,6,1,2,purse,purse,threat,falu,threat,0.000566314939313,false,
5,7,7,0.93,0.01,7,2,1,meter,shore,meter,fuwo,shore,1.34776101907255E-08,false,
5,7,7,0.93,0.01,8,1,2,danger,danger,cheek,nihatate,danger,0.967395420996533,true,
5,7,7,0.93,0.01,9,2,1,threat,threat,game,hene,game,1.96269512719062E-07,false,
5,7,7,0.93,0.01,10,1,2,coast,purse,coast,qapamoma,purse,0.179260382064478,false,
5,7,7,0.93,0.01,11,2,1,vitamin,bag,vitamin,lipu,bag,0.007837388282553,false,
5,7,7,0.93,0.01,12,1,2,bag,bag,danger,loqi,bag,0.999036866711196,true,
5,7,7,0.93,0.01,13,2,1,danger,danger,meter,nihatate,danger,0.999999715523705,true,
5,7,7,0.93,0.01,14,1,2,vitamin,danger,vitamin,lipu,vitamin,0.999999999927546,true,
5,7,7,0.93,0.01,15,2,1,meter,bag,meter,lipu,meter,0.999991014260497,true,
5,7,7,0.93,0.01,16,1,2,cheek,threat,cheek,hene,threat,0.00069716589555,false,
5,7,7,0.93,0.01,17,2,1,purse,purse,vitamin,loqi,purse,0.999999998890672,true,
5,7,7,0.93,0.01,18,1,2,shore,shore,vitamin,qapamoma,shore,0.693341207267758,true,
5,7,7,0.93,0.01,19,2,1,meter,meter,vitamin,lipu,vitamin,4.24841078917262E-06,false,
5,7,7,0.93,0.01,20,1,2,game,meter,game,lipu,meter,3.7143149890251E-08,false,
5,7,7,0.93,0.01,21,2,1,shore,shore,coast,qapamoma,shore,0.999994169308628,true,
5,7,7,0.93,0.01,22,1,2,purse,purse,meter,loqi,purse,0.999999998248709,true,
5,7,7,0.93,0.01,23,2,1,game,game,vitamin,lipu,vitamin,0.019077409227389,false,
5,7,7,0.93,0.01,24,1,2,threat,threat,meter,hene,threat,0.803095219400985,true,
5,7,7,0.93,0.01,25,2,1,threat,threat,shore,hene,threat,1,true,
5,7,7,0.93,0.01,26,1,2,game,purse,game,lipu,game,0.999999999966818,true,
5,7,7,0.93,0.01,27,2,1,danger,danger,shore,nihatate,danger,0.999999999998673,true,
5,7,7,0.93,0.01,28,1,2,danger,purse,danger,nihatate,danger,0.999999999999907,true,
5,7,7,0.93,0.01,29,2,1,cheek,coast,cheek,hene,coast,0.128830426262248,false,
5,7,7,0.93,0.01,30,1,2,coast,danger,coast,qapamoma,coast,0.999999999994646,true,
5,7,7,0.93,0.01,31,2,1,vitamin,coast,vitamin,lipu,vitamin,0.999999999991164,true,
5,7,7,0.93,0.01,32,1,2,vitamin,threat,vitamin,lipu,vitamin,0.999999999987447,true,
5,7,7,0.93,0.01,33,2,1,bag,bag,cheek,loqi,bag,0.876185908743555,true,
5,7,7,0.93,0.01,34,1,2,danger,danger,game,nihatate,danger,0.999970216503389,true,
5,7,7,0.93,0.01,35,2,1,bag,bag,shore,loqi,bag,0.9999999982176,true,
5,7,7,0.93,0.01,36,1,2,shore,shore,game,qapamoma,shore,0.984150249912524,true,
5,7,7,0.93,0.01,37,2,1,cheek,meter,cheek,falu,meter,0.012001896655146,false,
5,7,7,0.93,0.01,38,1,2,bag,bag,threat,loqi,bag,0.999999994159172,true,
5,7,7,0.93,0.01,39,2,1,purse,purse,bag,falu,purse,0.999999999987629,true,
5,7,7,0.93,0.01,40,1,2,game,bag,game,fuwo,game,0.999999999999993,true,
5,7,7,0.93,0.01,41,2,1,shore,purse,shore,qapamoma,shore,0.999991949184834,true,
5,7,7,0.93,0.01,42,1,2,threat,danger,threat,hene,threat,0.999999937704764,true,
5,7,7,0.93,0.01,43,2,1,cheek,vitamin,cheek,fuwo,cheek,0.999999894764956,true,
5,7,7,0.93,0.01,44,1,2,cheek,game,cheek,hene,game,4.90219477027065E-15,false,
5,7,7,0.93,0.01,45,2,1,bag,bag,coast,loqi,bag,0.999999991663071,true,
5,7,7,0.93,0.01,46,1,2,bag,bag,threat,loqi,bag,0.999999960199902,true,
5,7,7,0.93,0.01,47,2,1,game,meter,game,nihatate,meter,6.83559605110301E-11,false,
5,7,7,0.93,0.01,48,1,2,bag,bag,game,loqi,bag,0.999999853674136,true,
5,7,7,0.93,0.01,49,2,1,vitamin,bag,vitamin,lipu,vitamin,1,true,
5,7,7,0.93,0.01,50,1,2,bag,purse,bag,loqi,bag,0.999998888825372,true,
5,7,7,0.93,0.01,51,2,1,bag,bag,game,loqi,bag,0.999999999999981,true,
5,7,7,0.93,0.01,52,1,2,purse,purse,shore,qapamoma,shore,0.000597664524218,false,
5,7,7,0.93,0.01,53,2,1,game,game,cheek,fuwo,cheek,0.000325406004913,false,
5,7,7,0.93,0.01,54,1,2,danger,bag,danger,nihatate,danger,1,true,
5,7,7,0.93,0.01,55,2,1,coast,threat,coast,qapamoma,coast,0.999999980656974,true,
5,7,7,0.93,0.01,56,1,2,threat,threat,shore,hene,threat,0.999737863542002,true,
5,7,7,0.93,0.01,57,2,1,shore,shore,coast,qapamoma,shore,0.999138736571856,true,
5,7,7,0.93,0.01,58,1,2,danger,danger,cheek,nihatate,danger,0.999999999999948,true,
5,7,7,0.93,0.01,59,2,1,meter,threat,meter,nihatate,meter,0.999999999986365,true,
5,7,7,0.93,0.01,60,1,2,cheek,purse,cheek,fuwo,cheek,0.999984377783756,true,
5,7,7,0.93,0.01,61,2,1,game,game,cheek,falu,game,0.999999999912358,true,
5,7,7,0.93,0.01,62,1,2,danger,danger,threat,nihatate,danger,0.830181142594394,true,
5,7,7,0.93,0.01,63,2,1,purse,purse,shore,qapamoma,shore,1.88349263320537E-06,false,
5,7,7,0.93,0.01,64,1,2,threat,threat,coast,hene,threat,0.965571737078896,true,
5,7,7,0.93,0.01,65,2,1,shore,bag,shore,qapamoma,shore,1,true,
5,7,7,0.93,0.01,66,1,2,meter,purse,meter,falu,purse,1.125877677485E-13,false,
5,7,7,0.93,0.01,67,2,1,danger,danger,game,nihatate,danger,0.999996852387314,true,
5,7,7,0.93,0.01,68,1,2,game,shore,game,hene,game,0.999973092931243,true,
5,7,7,0.93,0.01,69,2,1,purse,purse,danger,qapamoma,purse,0.999999999999979,true,
5,7,7,0.93,0.01,70,1,2,shore,shore,meter,qapamoma,shore,0.999999999917769,true,
5,7,7,0.93,0.01,71,2,1,vitamin,game,vitamin,lipu,vitamin,0.999365351963855,true,
5,7,7,0.93,0.01,72,1,2,meter,meter,game,lipu,meter,0.989846861078457,true,
5,7,7,0.93,0.01,73,2,1,coast,coast,vitamin,falu,coast,0.956743667514603,true,
5,7,7,0.93,0.01,74,1,2,coast,coast,game,loqi,game,0.000978336385248,false,
5,7,7,0.93,0.01,75,2,1,shore,shore,game,qapamoma,shore,1,true,
5,7,7,0.93,0.01,76,1,2,bag,bag,shore,loqi,bag,0.999999961711212,true,
5,7,7,0.93,0.01,77,2,1,vitamin,meter,vitamin,lipu,meter,0.004366840501386,false,
5,7,7,0.93,0.01,78,1,2,danger,danger,threat,nihatate,danger,0.999693469806737,true,
5,7,7,0.93,0.01,79,2,1,danger,danger,meter,nihatate,danger,0.999999999992622,true,
5,7,7,0.93,0.01,80,1,2,shore,shore,cheek,qapamoma,shore,0.99999999938508,true,
5,7,7,0.93,0.01,81,2,1,danger,danger,vitamin,nihatate,danger,0.999999999999173,true,
5,7,7,0.93,0.01,82,1,2,meter,danger,meter,lipu,meter,1,true,
5,7,7,0.93,0.01,83,2,1,coast,coast,meter,falu,coast,0.999999999999998,true,
5,7,7,0.93,0.01,84,1,2,game,coast,game,loqi,coast,0.426608100414059,false,
5,7,7,0.93,0.01,85,2,1,shore,shore,meter,qapamoma,shore,1,true,
5,7,7,0.93,0.01,86,1,2,game,game,vitamin,loqi,game,0.999995924254804,true,
5,7,7,0.93,0.01,87,2,1,game,threat,game,loqi,game,0.999999626058718,true,
5,7,7,0.93,0.01,88,1,2,meter,meter,cheek,lipu,meter,0.999999995047081,true,
5,7,7,0.93,0.01,89,2,1,purse,purse,game,fuwo,purse,0.999999999999826,true,
5,7,7,0.93,0.01,90,1,2,vitamin,danger,vitamin,hene,vitamin,0.999999999998263,true,
5,7,7,0.93,0.01,91,2,1,purse,purse,coast,fuwo,purse,0.999276966377655,true,
5,7,7,0.93,0.01,92,1,2,purse,purse,game,fuwo,purse,1,true,
5,7,7,0.93,0.01,93,2,1,meter,bag,meter,lipu,meter,0.999997175894539,true,
5,7,7,0.93,0.01,94,1,2,shore,shore,vitamin,qapamoma,shore,0.999999999976998,true,
5,7,7,0.93,0.01,95,2,1,danger,danger,cheek,nihatate,danger,0.999960773129754,true,
5,7,7,0.93,0.01,96,1,2,cheek,threat,cheek,falu,threat,0.39539951243603,false,
5,7,7,0.93,0.01,97,2,1,bag,bag,danger,loqi,bag,0.999999993786719,true,
5,7,7,0.93,0.01,98,1,2,bag,bag,vitamin,fuwo,bag,0.957673852359064,true,
5,7,7,0.93,0.01,99,2,1,shore,shore,coast,qapamoma,shore,0.99999898486415,true,
5,7,7,0.93,0.01,100,1,2,purse,purse,bag,fuwo,purse,0.999981788708842,true,
5,7,7,0.93,0.01,101,2,1,vitamin,threat,vitamin,hene,vitamin,0.999999999658275,true,
5,7,7,0.93,0.01,102,1,2,cheek,meter,cheek,nihatate,cheek,0.999999999880362,true,
5,7,7,0.93,0.01,103,2,1,coast,danger,coast,qapamoma,coast,0.462430708077049,true,
5,7,7,0.93,0.01,104,1,2,meter,bag,meter,lipu,meter,0.999999990497909,true,
5,7,7,0.93,0.01,105,2,1,shore,danger,shore,qapamoma,shore,0.999943398483726,true,
5,7,7,0.93,0.01,106,1,2,cheek,shore,cheek,nihatate,cheek,0.999999999999995,true,
5,7,7,0.93,0.01,107,2,1,vitamin,coast,vitamin,hene,vitamin,0.999994479887188,true,
5,7,7,0.93,0.01,108,1,2,cheek,purse,cheek,nihatate,cheek,0.999999999999849,true,
5,7,7,0.93,0.01,109,2,1,coast,coast,cheek,nihatate,cheek,4.32949815690632E-10,false,
5,7,7,0.93,0.01,110,1,2,cheek,coast,cheek,nihatate,cheek,0.999999999984739,true,
5,7,7,0.93,0.01,111,2,1,threat,threat,vitamin,falu,threat,0.999999999998416,true,
5,7,7,0.93,0.01,112,1,2,vitamin,vitamin,cheek,hene,vitamin,1,true,
5,7,7,0.93,0.01,113,2,1,purse,purse,meter,fuwo,purse,1,true,
5,7,7,0.93,0.01,114,1,2,game,danger,game,loqi,game,0.983367521920375,true,
5,7,7,0.93,0.01,115,2,1,coast,coast,meter,qapamoma,coast,0.999999999999311,true,
5,7,7,0.93,0.01,116,1,2,game,threat,game,loqi,game,0.999999999997923,true,
5,7,7,0.93,0.01,117,2,1,danger,danger,coast,falu,danger,0.992178635447866,true,
5,7,7,0.93,0.01,118,1,2,threat,threat,cheek,falu,threat,1,true,
5,7,7,0.93,0.01,119,2,1,cheek,bag,cheek,nihatate,cheek,0.99999999726402,true,
5,7,7,0.93,0.01,120,1,2,shore,shore,vitamin,qapamoma,shore,0.999999999999996,true,
6,7,7,0.93,0.01,0,1,2,threat,threat,coast,loqi,coast,0.246961734298064,false,
6,7,7,0.93,0.01,1,2,1,bag,bag,coast,qapamoma,bag,0.99999999095456,true,
6,7,7,0.93,0.01,2,1,2,coast,coast,meter,loqi,meter,0.290476307160003,false,
6,7,7,0.93,0.01,3,2,1,shore,shore,cheek,loqi,shore,0.747459707023177,true,
6,7,7,0.93,0.01,4,1,2,purse,purse,cheek,qapamoma,purse,0.966738195373183,true,
6,7,7,0.93,0.01,5,2,1,game,coast,game,falu,coast,0.058410835036484,false,
6,7,7,0.93,0.01,6,1,2,purse,purse,threat,qapamoma,purse,0.997544940671987,true,
6,7,7,0.93,0.01,7,2,1,meter,shore,meter,lipu,shore,2.65276229850918E-09,false,
6,7,7,0.93,0.01,8,1,2,danger,danger,cheek,fuwo,danger,0.966980484472808,true,
6,7,7,0.93,0.01,9,2,1,threat,threat,game,nihatate,threat,0.965648406731686,true,
6,7,7,0.93,0.01,10,1,2,coast,purse,coast,loqi,coast,0.999968952026114,true,
6,7,7,0.93,0.01,11,2,1,vitamin,bag,vitamin,falu,bag,0.016349909846208,false,
6,7,7,0.93,0.01,12,1,2,bag,bag,danger,loqi,danger,2.51192740040929E-10,false,
6,7,7,0.93,0.01,13,2,1,danger,danger,meter,fuwo,danger,0.999999679675932,true,
6,7,7,0.93,0.01,14,1,2,vitamin,danger,vitamin,falu,vitamin,0.999999999703728,true,
6,7,7,0.93,0.01,15,2,1,meter,bag,meter,lipu,meter,0.99999619459992,true,
6,7,7,0.93,0.01,16,1,2,cheek,threat,cheek,hene,cheek,0.791522459350155,true,
6,7,7,0.93,0.01,17,2,1,purse,purse,vitamin,qapamoma,purse,1,true,
6,7,7,0.93,0.01,18,1,2,shore,shore,vitamin,loqi,shore,0.999995332311124,true,
6,7,7,0.93,0.01,19,2,1,meter,meter,vitamin,lipu,meter,1,true,
6,7,7,0.93,0.01,20,1,2,game,meter,game,falu,game,0.999999999990923,true,
6,7,7,0.93,0.01,21,2,1,shore,shore,coast,loqi,shore,0.988883877494988,true,
6,7,7,0.93,0.01,22,1,2,purse,purse,meter,qapamoma,purse,1,true,
6,7,7,0.93,0.01,23,2,1,game,game,vitamin,falu,game,0.999753802765506,true,
6,7,7,0.93,0.01,24,1,2,threat,threat,meter,nihatate,threat,0.999999999999847,true,
6,7,7,0.93,0.01,25,2,1,threat,threat,shore,nihatate,threat,1,true,
6,7,7,0.93,0.01,26,1,2,game,purse,game,falu,game,1,true,
6,7,7,0.93,0.01,27,2,1,danger,danger,shore,fuwo,danger,0.999999999902352,true,
6,7,7,0.93,0.01,28,1,2,danger,purse,danger,fuwo,danger,0.999999999999998,true,
6,7,7,0.93,0.01,29,2,1,cheek,coast,cheek,hene,cheek,0.999999933838467,true,
6,7,7,0.93,0.01,30,1,2,coast,danger,coast,loqi,coast,0.999999999999995,true,
6,7,7,0.93,0.01,31,2,1,vitamin,coast,vitamin,hene,vitamin,0.999999999997915,true,
6,7,7,0.93,0.01,32,1,2,vitamin,threat,vitamin,hene,vitamin,0.999999983866005,true,
6,7,7,0.93,0.01,33,2,1,bag,bag,cheek,qapamoma,bag,0.6355667685189,true,
6,7,7,0.93,0.01,34,1,2,danger,danger,game,fuwo,danger,1,true,
6,7,7,0.93,0.01,35,2,1,bag,bag,shore,qapamoma,bag,0.999999973119213,true,
6,7,7,0.93,0.01,36,1,2,shore,shore,game,loqi,shore,0.999999999999998,true,
6,7,7,0.93,0.01,37,2,1,cheek,meter,cheek,hene,cheek,0.999996302485931,true,
6,7,7,0.93,0.01,38,1,2,bag,bag,threat,qapamoma,bag,0.99999999294719,true,
6,7,7,0.93,0.01,39,2,1,purse,purse,bag,qapamoma,bag,0.000111138152804,false,
6,7,7,0.93,0.01,40,1,2,game,bag,game,falu,game,1,true,
6,7,7,0.93,0.01,41,2,1,shore,purse,shore,loqi,shore,0.999999841494268,true,
6,7,7,0.93,0.01,42,1,2,threat,danger,threat,nihatate,threat,0.999999992343369,true,
6,7,7,0.93,0.01,43,2,1,cheek,vitamin,cheek,hene,vitamin,0.00041103749395,false,
6,7,7,0.93,0.01,44,1,2,cheek,game,cheek,hene,cheek,0.999999999780815,true,
6,7,7,0.93,0.01,45,2,1,bag,bag,coast,qapamoma,bag,0.999999983848324,true,
6,7,7,0.93,0.01,46,1,2,bag,bag,threat,qapamoma,bag,0.999999999999969,true,
6,7,7,0.93,0.01,47,2,1,game,meter,game,falu,game,0.999999995843764,true,
6,7,7,0.93,0.01,48,1,2,bag,bag,game,qapamoma,bag,1,true,
6,7,7,0.93,0.01,49,2,1,vitamin,bag,vitamin,hene,vitamin,1,true,
6,7,7,0.93,0.01,50,1,2,bag,purse,bag,qapamoma,bag,0.999998234311822,true,
6,7,7,0.93,0.01,51,2,1,bag,bag,game,qapamoma,bag,1,true,
6,7,7,0.93,0.01,52,1,2,purse,purse,shore,fuwo,purse,0.999999999643265,true,
6,7,7,0.93,0.01,53,2,1,game,game,cheek,falu,game,1,true,
6,7,7,0.93,0.01,54,1,2,danger,bag,danger,fuwo,danger,0.999999999996874,true,
6,7,7,0.93,0.01,55,2,1,coast,threat,coast,loqi,coast,0.999999999979799,true,
6,7,7,0.93,0.01,56,1,2,threat,threat,shore,nihatate,threat,0.999842557199866,true,
6,7,7,0.93,0.01,57,2,1,shore,shore,coast,loqi,shore,0.78675185841013,true,
6,7,7,0.93,0.01,58,1,2,danger,danger,cheek,fuwo,danger,0.960855837257778,true,
6,7,7,0.93,0.01,59,2,1,meter,threat,meter,nihatate,threat,8.19716552903169E-09,false,
6,7,7,0.93,0.01,60,1,2,cheek,purse,cheek,hene,cheek,0.598527223585594,true,
6,7,7,0.93,0.01,61,2,1,game,game,cheek,falu,game,1,true,
6,7,7,0.93,0.01,62,1,2,danger,danger,threat,fuwo,danger,0.999999987388678,true,
6,7,7,0.93,0.01,63,2,1,purse,purse,shore,loqi,shore,0.004825171262312,false,
6,7,7,0.93,0.01,64,1,2,threat,threat,coast,nihatate,threat,0.99993010561625,true,
6,7,7,0.93,0.01,65,2,1,shore,bag,shore,loqi,shore,0.999999999988262,true,
6,7,7,0.93,0.01,66,1,2,meter,purse,meter,lipu,purse,0.090058053512792,false,
6,7,7,0.93,0.01,67,2,1,danger,danger,game,fuwo,danger,1,true,
6,7,7,0.93,0.01,68,1,2,game,shore,game,falu,game,1,true,
6,7,7,0.93,0.01,69,2,1,purse,purse,danger,lipu,purse,0.999999999999998,true,
6,7,7,0.93,0.01,70,1,2,shore,shore,meter,loqi,shore,0.999999984495841,true,
6,7,7,0.93,0.01,71,2,1,vitamin,game,vitamin,hene,vitamin,1,true,
6,7,7,0.93,0.01,72,1,2,meter,meter,game,nihatate,meter,0.999999999999705,true,
6,7,7,0.93,0.01,73,2,1,coast,coast,vitamin,qapamoma,coast,0.999489405833499,true,
6,7,7,0.93,0.01,74,1,2,coast,coast,game,loqi,coast,0.999999995513988,true,
6,7,7,0.93,0.01,75,2,1,shore,shore,game,loqi,shore,1,true,
6,7,7,0.93,0.01,76,1,2,bag,bag,shore,lipu,bag,0.999999999999929,true,
6,7,7,0.93,0.01,77,2,1,vitamin,meter,vitamin,hene,vitamin,1,true,
6,7,7,0.93,0.01,78,1,2,danger,danger,threat,fuwo,danger,0.999997661924092,true,
6,7,7,0.93,0.01,79,2,1,danger,danger,meter,fuwo,danger,1,true,
6,7,7,0.93,0.01,80,1,2,shore,shore,cheek,loqi,shore,0.999999451240536,true,
6,7,7,0.93,0.01,81,2,1,danger,danger,vitamin,fuwo,danger,0.999999999999958,true,
6,7,7,0.93,0.01,82,1,2,meter,danger,meter,nihatate,meter,0.999999999999963,true,
6,7,7,0.93,0.01,83,2,1,coast,coast,meter,qapamoma,coast,0.999999999999993,true,
6,7,7,0.93,0.01,84,1,2,game,coast,game,falu,game,0.999999999996079,true,
6,7,7,0.93,0.01,85,2,1,shore,shore,meter,loqi,shore,1,true,
6,7,7,0.93,0.01,86,1,2,game,game,vitamin,falu,game,1,true,
6,7,7,0.93,0.01,87,2,1,game,threat,game,falu,game,0.999999953016091,true,
6,7,7,0.93,0.01,88,1,2,meter,meter,cheek,nihatate,meter,0.998989022650895,true,
6,7,7,0.93,0.01,89,2,1,purse,purse,game,lipu,purse,1,true,
6,7,7,0.93,0.01,90,1,2,vitamin,danger,vitamin,hene,vitamin,1,true,
6,7,7,0.93,0.01,91,2,1,purse,purse,coast,lipu,purse,0.999997702769445,true,
6,7,7,0.93,0.01,92,1,2,purse,purse,game,lipu,purse,1,true,
6,7,7,0.93,0.01,93,2,1,meter,bag,meter,nihatate,meter,0.999999874894536,true,
6,7,7,0.93,0.01,94,1,2,shore,shore,vitamin,loqi,shore,1,true,
6,7,7,0.93,0.01,95,2,1,danger,danger,cheek,fuwo,danger,0.999861361432463,true,
6,7,7,0.93,0.01,96,1,2,cheek,threat,cheek,qapamoma,threat,0.799953828902643,false,
6,7,7,0.93,0.01,97,2,1,bag,bag,danger,qapamoma,bag,0.999999821819832,true,
6,7,7,0.93,0.01,98,1,2,bag,bag,vitamin,lipu,bag,0.999983245410411,true,
6,7,7,0.93,0.01,99,2,1,shore,shore,coast,loqi,shore,0.999991778229824,true,
6,7,7,0.93,0.01,100,1,2,purse,purse,bag,lipu,purse,0.999111768590814,true,
6,7,7,0.93,0.01,101,2,1,vitamin,threat,vitamin,hene,vitamin,0.999999999998973,true,
6,7,7,0.93,0.01,102,1,2,cheek,meter,cheek,hene,cheek,0.999999999569006,true,
6,7,7,0.93,0.01,103,2,1,coast,danger,coast,qapamoma,coast,0.99964770686107,true,
6,7,7,0.93,0.01,104,1,2,meter,bag,meter,nihatate,meter,0.999999755912996,true,
6,7,7,0.93,0.01,105,2,1,shore,danger,shore,loqi,shore,0.999999275113275,true,
6,7,7,0.93,0.01,106,1,2,cheek,shore,cheek,hene,cheek,1,true,
6,7,7,0.93,0.01,107,2,1,vitamin,coast,vitamin,hene,coast,0.591587362119069,false,
6,7,7,0.93,0.01,108,1,2,cheek,purse,cheek,hene,cheek,0.999999999999375,true,
6,7,7,0.93,0.01,109,2,1,coast,coast,cheek,qapamoma,coast,0.999999999999998,true,
6,7,7,0.93,0.01,110,1,2,cheek,coast,cheek,hene,cheek,0.999999999804247,true,
6,7,7,0.93,0.01,111,2,1,threat,threat,vitamin,falu,vitamin,0.000161495012095,false,
6,7,7,0.93,0.01,112,1,2,vitamin,vitamin,cheek,loqi,cheek,3.27391441258746E-10,false,
6,7,7,0.93,0.01,113,2,1,purse,purse,meter,lipu,purse,1,true,
6,7,7,0.93,0.01,114,1,2,game,danger,game,fuwo,danger,0.073723206443812,false,
6,7,7,0.93,0.01,115,2,1,coast,coast,meter,qapamoma,coast,0.999999999607153,true,
6,7,7,0.93,0.01,116,1,2,game,threat,game,falu,threat,0.000497579204634,false,
6,7,7,0.93,0.01,117,2,1,danger,danger,coast,fuwo,danger,0.99999994833433,true,
6,7,7,0.93,0.01,118,1,2,threat,threat,cheek,falu,threat,0.999811415478876,true,
6,7,7,0.93,0.01,119,2,1,cheek,bag,cheek,hene,cheek,0.999999984101379,true,
6,7,7,0.93,0.01,120,1,2,shore,shore,vitamin,nihatate,vitamin,0.013424465226416,false,
7,7,7,0.93,0.01,0,1,2,threat,threat,coast,nihatate,coast,0.312868760436828,false,
7,7,7,0.93,0.01,1,2,1,bag,bag,coast,qapamoma,bag,0.999999373209641,true,
7,7,7,0.93,0.01,2,1,2,coast,coast,meter,nihatate,coast,0.370076888882372,true,
7,7,7,0.93,0.01,3,2,1,shore,shore,cheek,nihatate,shore,0.349214750183996,true,
7,7,7,0.93,0.01,4,1,2,purse,purse,cheek,qapamoma,purse,0.888415474334333,true,
7,7,7,0.93,0.01,5,2,1,game,coast,game,fuwo,game,0.999999998628024,true,
7,7,7,0.93,0.01,6,1,2,purse,purse,threat,qapamoma,purse,0.998693255737102,true,
7,7,7,0.93,0.01,7,2,1,meter,shore,meter,loqi,shore,0.002061620321468,false,
7,7,7,0.93,0.01,8,1,2,danger,danger,cheek,hene,danger,0.986613733300535,true,
7,7,7,0.93,0.01,9,2,1,threat,threat,game,hene,threat,0.997231128197728,true,
7,7,7,0.93,0.01,10,1,2,coast,purse,coast,nihatate,coast,0.999946972201804,true,
7,7,7,0.93,0.01,11,2,1,vitamin,bag,vitamin,lipu,bag,0.052023449829065,false,
7,7,7,0.93,0.01,12,1,2,bag,bag,danger,qapamoma,bag,0.999511515180265,true,
7,7,7,0.93,0.01,13,2,1,danger,danger,meter,hene,danger,0.99999998910149,true,
7,7,7,0.93,0.01,14,1,2,vitamin,danger,vitamin,lipu,vitamin,0.999999999980304,true,
7,7,7,0.93,0.01,15,2,1,meter,bag,meter,loqi,meter,0.999999995012685,true,
7,7,7,0.93,0.01,16,1,2,cheek,threat,cheek,fuwo,threat,0.280715298701124,false,
7,7,7,0.93,0.01,17,2,1,purse,purse,vitamin,qapamoma,purse,1,true,
7,7,7,0.93,0.01,18,1,2,shore,shore,vitamin,nihatate,shore,0.999999520761216,true,
7,7,7,0.93,0.01,19,2,1,meter,meter,vitamin,loqi,meter,1,true,
7,7,7,0.93,0.01,20,1,2,game,meter,game,fuwo,game,1,true,
7,7,7,0.93,0.01,21,2,1,shore,shore,coast,nihatate,coast,0.055346655878827,false,
7,7,7,0.93,0.01,22,1,2,purse,purse,meter,qapamoma,purse,1,true,
7,7,7,0.93,0.01,23,2,1,game,game,vitamin,fuwo,game,1,true,
7,7,7,0.93,0.01,24,1,2,threat,threat,meter,hene,threat,1,true,
7,7,7,0.93,0.01,25,2,1,threat,threat,shore,hene,threat,1,true,
7,7,7,0.93,0.01,26,1,2,game,purse,game,fuwo,game,1,true,
7,7,7,0.93,0.01,27,2,1,danger,danger,shore,hene,danger,0.99999999999951,true,
7,7,7,0.93,0.01,28,1,2,danger,purse,danger,hene,danger,0.999999999999904,true,
7,7,7,0.93,0.01,29,2,1,cheek,coast,cheek,lipu,cheek,0.957702262952068,true,
7,7,7,0.93,0.01,30,1,2,coast,danger,coast,nihatate,coast,1,true,
7,7,7,0.93,0.01,31,2,1,vitamin,coast,vitamin,falu,vitamin,0.999971490870217,true,
7,7,7,0.93,0.01,32,1,2,vitamin,threat,vitamin,falu,vitamin,0.999999999943501,true,
7,7,7,0.93,0.01,33,2,1,bag,bag,cheek,qapamoma,bag,0.999922322162699,true,
7,7,7,0.93,0.01,34,1,2,danger,danger,game,hene,danger,1,true,
7,7,7,0.93,0.01,35,2,1,bag,bag,shore,qapamoma,bag,0.999999958753462,true,
7,7,7,0.93,0.01,36,1,2,shore,shore,game,nihatate,shore,0.999999999999989,true,
7,7,7,0.93,0.01,37,2,1,cheek,meter,cheek,lipu,cheek,0.999996968604896,true,
7,7,7,0.93,0.01,38,1,2,bag,bag,threat,qapamoma,bag,0.999999999980773,true,
7,7,7,0.93,0.01,39,2,1,purse,purse,bag,qapamoma,bag,6.54549032723687E-06,false,
7,7,7,0.93,0.01,40,1,2,game,bag,game,fuwo,game,1,true,
7,7,7,0.93,0.01,41,2,1,shore,purse,shore,nihatate,shore,0.999998450808887,true,
7,7,7,0.93,0.01,42,1,2,threat,danger,threat,hene,danger,0.112975487883354,false,
7,7,7,0.93,0.01,43,2,1,cheek,vitamin,cheek,lipu,cheek,1,true,
7,7,7,0.93,0.01,44,1,2,cheek,game,cheek,lipu,cheek,1,true,
7,7,7,0.93,0.01,45,2,1,bag,bag,coast,qapamoma,bag,0.99999999877661,true,
7,7,7,0.93,0.01,46,1,2,bag,bag,threat,qapamoma,bag,0.999999999999983,true,
7,7,7,0.93,0.01,47,2,1,game,meter,game,fuwo,game,0.999999990767707,true,
7,7,7,0.93,0.01,48,1,2,bag,bag,game,qapamoma,bag,1,true,
7,7,7,0.93,0.01,49,2,1,vitamin,bag,vitamin,falu,vitamin,1,true,
7,7,7,0.93,0.01,50,1,2,bag,purse,bag,qapamoma,bag,0.999998785237389,true,
7,7,7,0.93,0.01,51,2,1,bag,bag,game,qapamoma,bag,1,true,
7,7,7,0.93,0.01,52,1,2,purse,purse,shore,qapamoma,purse,0.999999995583805,true,
7,7,7,0.93,0.01,53,2,1,game,game,cheek,fuwo,game,1,true,
7,7,7,0.93,0.01,54,1,2,danger,bag,danger,hene,danger,1,true,
7,7,7,0.93,0.01,55,2,1,coast,threat,coast,nihatate,coast,0.994038262456734,true,
7,7,7,0.93,0.01,56,1,2,threat,threat,shore,loqi,threat,0.587219459282785,true,
7,7,7,0.93,0.01,57,2,1,shore,shore,coast,nihatate,coast,0.516283515944352,false,
7,7,7,0.93,0.01,58,1,2,danger,danger,cheek,hene,danger,0.999999999999991,true,
7,7,7,0.93,0.01,59,2,1,meter,threat,meter,hene,meter,0.999999999941107,true,
7,7,7,0.93,0.01,60,1,2,cheek,purse,cheek,lipu,cheek,0.999986169279838,true,
7,7,7,0.93,0.01,61,2,1,game,game,cheek,fuwo,game,1,true,
7,7,7,0.93,0.01,62,1,2,danger,danger,threat,hene,danger,0.631290537603935,true,
7,7,7,0.93,0.01,63,2,1,purse,purse,shore,falu,purse,0.999746404096667,true,
7,7,7,0.93,0.01,64,1,2,threat,threat,coast,loqi,threat,0.999999999999964,true,
7,7,7,0.93,0.01,65,2,1,shore,bag,shore,loqi,shore,0.999999997594863,true,
7,7,7,0.93,0.01,66,1,2,meter,purse,meter,qapamoma,purse,1.89326373646559E-11,false,
7,7,7,0.93,0.01,67,2,1,danger,danger,game,hene,danger,1,true,
7,7,7,0.93,0.01,68,1,2,game,shore,game,fuwo,game,1,true,
7,7,7,0.93,0.01,69,2,1,purse,purse,danger,falu,purse,0.999999999999998,true,
7,7,7,0.93,0.01,70,1,2,shore,shore,meter,nihatate,meter,2.0256684200222E-07,false,
7,7,7,0.93,0.01,71,2,1,vitamin,game,vitamin,lipu,vitamin,0.999999999999996,true,
7,7,7,0.93,0.01,72,1,2,meter,meter,game,nihatate,meter,0.999999999999726,true,
7,7,7,0.93,0.01,73,2,1,coast,coast,vitamin,nihatate,coast,0.979810992767444,true,
7,7,7,0.93,0.01,74,1,2,coast,coast,game,falu,game,0.349388018424879,false,
7,7,7,0.93,0.01,75,2,1,shore,shore,game,qapamoma,shore,0.999999999999998,true,
7,7,7,0.93,0.01,76,1,2,bag,bag,shore,qapamoma,shore,0.001088244213356,false,
7,7,7,0.93,0.01,77,2,1,vitamin,meter,vitamin,lipu,vitamin,1,true,
7,7,7,0.93,0.01,78,1,2,danger,danger,threat,hene,danger,0.999515121192733,true,
7,7,7,0.93,0.01,79,2,1,danger,danger,meter,hene,danger,1,true,
7,7,7,0.93,0.01,80,1,2,shore,shore,cheek,qapamoma,cheek,0.645268619889668,false,
7,7,7,0.93,0.01,81,2,1,danger,danger,vitamin,hene,danger,0.999999999999992,true,
7,7,7,0.93,0.01,82,1,2,meter,danger,meter,nihatate,meter,1,true,
7,7,7,0.93,0.01,83,2,1,coast,coast,meter,qapamoma,coast,1,true,
7,7,7,0.93,0.01,84,1,2,game,coast,game,fuwo,game,0.999999999322561,true,
7,7,7,0.93,0.01,85,2,1,shore,shore,meter,qapamoma,shore,1,true,
7,7,7,0.93,0.01,86,1,2,game,game,vitamin,fuwo,game,1,true,
7,7,7,0.93,0.01,87,2,1,game,threat,game,fuwo,game,0.99999986600568,true,
7,7,7,0.93,0.01,88,1,2,meter,meter,cheek,nihatate,meter,0.999438629074226,true,
7,7,7,0.93,0.01,89,2,1,purse,purse,game,falu,purse,0.999999996546503,true,
7,7,7,0.93,0.01,90,1,2,vitamin,danger,vitamin,lipu,vitamin,1,true,
7,7,7,0.93,0.01,91,2,1,purse,purse,coast,falu,purse,0.986664744699216,true,
7,7,7,0.93,0.01,92,1,2,purse,purse,game,falu,purse,1,true,
7,7,7,0.93,0.01,93,2,1,meter,bag,meter,nihatate,meter,0.999998188281841,true,
7,7,7,0.93,0.01,94,1,2,shore,shore,vitamin,qapamoma,shore,1,true,
7,7,7,0.93,0.01,95,2,1,danger,danger,cheek,hene,danger,0.999987889536192,true,
7,7,7,0.93,0.01,96,1,2,cheek,threat,cheek,loqi,cheek,0.650004818051292,true,
7,7,7,0.93,0.01,97,2,1,bag,bag,danger,hene,danger,5.10985103652799E-06,false,
7,7,7,0.93,0.01,98,1,2,bag,bag,vitamin,hene,bag,0.999999998264077,true,
7,7,7,0.93,0.01,99,2,1,shore,shore,coast,qapamoma,shore,0.999963400119903,true,
7,7,7,0.93,0.01,100,1,2,purse,purse,bag,falu,purse,0.99987766791388,true,
7,7,7,0.93,0.01,101,2,1,vitamin,threat,vitamin,lipu,vitamin,0.999992376819865,true,
7,7,7,0.93,0.01,102,1,2,cheek,meter,cheek,loqi,cheek,1,true,
7,7,7,0.93,0.01,103,2,1,coast,danger,coast,qapamoma,coast,0.991929195527768,true,
7,7,7,0.93,0.01,104,1,2,meter,bag,meter,nihatate,meter,0.999988920908435,true,
7,7,7,0.93,0.01,105,2,1,shore,danger,shore,qapamoma,shore,0.999996273684458,true,
7,7,7,0.93,0.01,106,1,2,cheek,shore,cheek,loqi,cheek,1,true,
7,7,7,0.93,0.01,107,2,1,vitamin,coast,vitamin,lipu,vitamin,0.999999836997454,true,
7,7,7,0.93,0.01,108,1,2,cheek,purse,cheek,loqi,cheek,0.999999999999997,true,
7,7,7,0.93,0.01,109,2,1,coast,coast,cheek,qapamoma,coast,1,true,
7,7,7,0.93,0.01,110,1,2,cheek,coast,cheek,loqi,cheek,1,true,
7,7,7,0.93,0.01,111,2,1,threat,threat,vitamin,fuwo,threat,0.999999999999719,true,
7,7,7,0.93,0.01,112,1,2,vitamin,vitamin,cheek,lipu,vitamin,1,true,
7,7,7,0.93,0.01,113,2,1,purse,purse,meter,falu,purse,1,true,
7,7,7,0.93,0.01,114,1,2,game,danger,game,nihatate,game,0.999999719196026,true,
7,7,7,0.93,0.01,115,2,1,coast,coast,meter,qapamoma,coast,0.999884266604433,true,
7,7,7,0.93,0.01,116,1,2,game,threat,game,nihatate,game,0.999999999999009,true,
7,7,7,0.93,0.01,117,2,1,danger,danger,coast,hene,danger,0.999999682438365,true,
7,7,7,0.93,0.01,118,1,2,threat,threat,cheek,hene,threat,0.999992636748659,true,
7,7,7,0.93,0.01,119,2,1,cheek,bag,cheek,loqi,cheek,0.999999951617034,true,
7,7,7,0.93,0.01,120,1,2,shore,shore,vitamin,qapamoma,shore,0.9999999999999,true,
8,7,7,0.93,0.01,0,1,2,threat,threat,coast,falu,threat,0.844334371670109,true,
8,7,7,0.93,0.01,1,2,1,bag,bag,coast,qapamoma,coast,0.585516896565846,false,
8,7,7,0.93,0.01,2,1,2,coast,coast,meter,nihatate,meter,4.03196269263127E-08,false,
8,7,7,0.93,0.01,3,2,1,shore,shore,cheek,nihatate,cheek,0.181767567393899,false,
8,7,7,0.93,0.01,4,1,2,purse,purse,cheek,qapamoma,purse,0.999999991342936,true,
8,7,7,0.93,0.01,5,2,1,game,coast,game,lipu,coast,0.001926584191325,false,
8,7,7,0.93,0.01,6,1,2,purse,purse,threat,qapamoma,purse,0.999996185192631,true,
8,7,7,0.93,0.01,7,2,1,meter,shore,meter,falu,shore,5.48567022137393E-14,false,
8,7,7,0.93,0.01,8,1,2,danger,danger,cheek,hene,danger,0.999999999008637,true,
8,7,7,0.93,0.01,9,2,1,threat,threat,game,falu,threat,0.999542829702811,true,
8,7,7,0.93,0.01,10,1,2,coast,purse,coast,loqi,purse,0.024142815000688,false,
8,7,7,0.93,0.01,11,2,1,vitamin,bag,vitamin,lipu,bag,0.073720010818368,false,
8,7,7,0.93,0.01,12,1,2,bag,bag,danger,qapamoma,danger,0.009246503392643,false,
8,7,7,0.93,0.01,13,2,1,danger,danger,meter,hene,danger,0.999934597527936,true,
8,7,7,0.93,0.01,14,1,2,vitamin,danger,vitamin,lipu,vitamin,0.999999999426894,true,
8,7,7,0.93,0.01,15,2,1,meter,bag,meter,fuwo,bag,0.000334153765558,false,
8,7,7,0.93,0.01,16,1,2,cheek,threat,cheek,fuwo,threat,0.00324498701272,false,
8,7,7,0.93,0.01,17,2,1,purse,purse,vitamin,qapamoma,purse,1,true,
8,7,7,0.93,0.01,18,1,2,shore,shore,vitamin,nihatate,shore,0.838122627545295,true,
8,7,7,0.93,0.01,19,2,1,meter,meter,vitamin,loqi,meter,0.999999999999995,true,
8,7,7,0.93,0.01,20,1,2,game,meter,game,hene,game,0.999999999983405,true,
8,7,7,0.93,0.01,21,2,1,shore,shore,coast,nihatate,shore,0.999988512086496,true,
8,7,7,0.93,0.01,22,1,2,purse,purse,meter,qapamoma,purse,1,true,
8,7,7,0.93,0.01,23,2,1,game,game,vitamin,hene,game,1,true,
8,7,7,0.93,0.01,24,1,2,threat,threat,meter,falu,threat,0.999999999999996,true,
8,7,7,0.93,0.01,25,2,1,threat,threat,shore,falu,threat,1,true,
8,7,7,0.93,0.01,26,1,2,game,purse,game,hene,game,1,true,
8,7,7,0.93,0.01,27,2,1,danger,danger,shore,qapamoma,danger,0.999999999944666,true,
8,7,7,0.93,0.01,28,1,2,danger,purse,danger,nihatate,danger,0.999999548692268,true,
8,7,7,0.93,0.01,29,2,1,cheek,coast,cheek,fuwo,coast,0.884038759101463,false,
8,7,7,0.93,0.01,30,1,2,coast,danger,coast,nihatate,danger,1.3605189707028E-08,false,
8,7,7,0.93,0.01,31,2,1,vitamin,coast,vitamin,lipu,vitamin,0.99995680225424,true,
8,7,7,0.93,0.01,32,1,2,vitamin,threat,vitamin,lipu,vitamin,1,true,
8,7,7,0.93,0.01,33,2,1,bag,bag,cheek,fuwo,cheek,3.55356832773651E-05,false,
8,7,7,0.93,0.01,34,1,2,danger,danger,game,nihatate,danger,0.99999999999994,true,
8,7,7,0.93,0.01,35,2,1,bag,bag,shore,qapamoma,shore,0.019276058512048,false,
8,7,7,0.93,0.01,36,1,2,shore,shore,game,loqi,shore,0.999864610012076,true,
8,7,7,0.93,0.01,37,2,1,cheek,meter,cheek,fuwo,cheek,0.990807155856163,true,
8,7,7,0.93,0.01,38,1,2,bag,bag,threat,qapamoma,bag,0.96782990998519,true,
8,7,7,0.93,0.01,39,2,1,purse,purse,bag,qapamoma,purse,0.114678807840084,true,
8,7,7,0.93,0.01,40,1,2,game,bag,game,hene,game,0.999994414986173,true,
8,7,7,0.93,0.01,41,2,1,shore,purse,shore,loqi,shore,0.999999890522795,true,
8,7,7,0.93,0.01,42,1,2,threat,danger,threat,falu,threat,0.99758740300063,true,
8,7,7,0.93,0.01,43,2,1,cheek,vitamin,cheek,fuwo,cheek,1,true,
8,7,7,0.93,0.01,44,1,2,cheek,game,cheek,fuwo,cheek,1,true,
8,7,7,0.93,0.01,45,2,1,bag,bag,coast,qapamoma,bag,0.999935318540288,true,
8,7,7,0.93,0.01,46,1,2,bag,bag,threat,qapamoma,bag,0.999999999999458,true,
8,7,7,0.93,0.01,47,2,1,game,meter,game,hene,game,0.999999926454858,true,
8,7,7,0.93,0.01,48,1,2,bag,bag,game,qapamoma,bag,1,true,
8,7,7,0.93,0.01,49,2,1,vitamin,bag,vitamin,lipu,vitamin,1,true,
8,7,7,0.93,0.01,50,1,2,bag,purse,bag,qapamoma,bag,0.999998162339071,true,
8,7,7,0.93,0.01,51,2,1,bag,bag,game,qapamoma,bag,1,true,
8,7,7,0.93,0.01,52,1,2,purse,purse,shore,loqi,shore,0.005000594363744,false,
8,7,7,0.93,0.01,53,2,1,game,game,cheek,hene,game,1,true,
8,7,7,0.93,0.01,54,1,2,danger,bag,danger,nihatate,danger,1,true,
8,7,7,0.93,0.01,55,2,1,coast,threat,coast,loqi,coast,0.999999999242647,true,
8,7,7,0.93,0.01,56,1,2,threat,threat,shore,falu,threat,0.999966059474591,true,
8,7,7,0.93,0.01,57,2,1,shore,shore,coast,loqi,shore,0.999648915998865,true,
8,7,7,0.93,0.01,58,1,2,danger,danger,cheek,nihatate,danger,0.999999999999808,true,
8,7,7,0.93,0.01,59,2,1,meter,threat,meter,falu,threat,3.67711782818511E-07,false,
8,7,7,0.93,0.01,60,1,2,cheek,purse,cheek,fuwo,cheek,0.999975188063638,true,
8,7,7,0.93,0.01,61,2,1,game,game,cheek,hene,game,1,true,
8,7,7,0.93,0.01,62,1,2,danger,danger,threat,nihatate,danger,0.999998895301832,true,
8,7,7,0.93,0.01,63,2,1,purse,purse,shore,lipu,purse,0.99999999981442,true,
8,7,7,0.93,0.01,64,1,2,threat,threat,coast,falu,threat,0.999999992395448,true,
8,7,7,0.93,0.01,65,2,1,shore,bag,shore,loqi,shore,1,true,
8,7,7,0.93,0.01,66,1,2,meter,purse,meter,loqi,meter,0.76061565396942,true,
8,7,7,0.93,0.01,67,2,1,danger,danger,game,nihatate,danger,0.999999999999999,true,
8,7,7,0.93,0.01,68,1,2,game,shore,game,hene,game,1,true,
8,7,7,0.93,0.01,69,2,1,purse,purse,danger,lipu,purse,0.999999999999998,true,
8,7,7,0.93,0.01,70,1,2,shore,shore,meter,loqi,shore,0.998697838684287,true,
8,7,7,0.93,0.01,71,2,1,vitamin,game,vitamin,fuwo,vitamin,0.999999999999964,true,
8,7,7,0.93,0.01,72,1,2,meter,meter,game,falu,meter,0.999999999999995,true,
8,7,7,0.93,0.01,73,2,1,coast,coast,vitamin,lipu,vitamin,0.610533935636025,false,
8,7,7,0.93,0.01,74,1,2,coast,coast,game,nihatate,coast,0.999999999998952,true,
8,7,7,0.93,0.01,75,2,1,shore,shore,game,loqi,shore,1,true,
8,7,7,0.93,0.01,76,1,2,bag,bag,shore,lipu,bag,0.999999999999925,true,
8,7,7,0.93,0.01,77,2,1,vitamin,meter,vitamin,fuwo,vitamin,0.999999999999996,true,
8,7,7,0.93,0.01,78,1,2,danger,danger,threat,nihatate,danger,0.999993136441857,true,
8,7,7,0.93,0.01,79,2,1,danger,danger,meter,nihatate,danger,1,true,
8,7,7,0.93,0.01,80,1,2,shore,shore,cheek,loqi,shore,0.99999960500086,true,
8,7,7,0.93,0.01,81,2,1,danger,danger,vitamin,nihatate,danger,1,true,
8,7,7,0.93,0.01,82,1,2,meter,danger,meter,falu,meter,0.999999999999989,true,
8,7,7,0.93,0.01,83,2,1,coast,coast,meter,lipu,coast,1,true,
8,7,7,0.93,0.01,84,1,2,game,coast,game,hene,game,0.999779106587437,true,
8,7,7,0.93,0.01,85,2,1,shore,shore,meter,loqi,shore,1,true,
8,7,7,0.93,0.01,86,1,2,game,game,vitamin,hene,game,1,true,
8,7,7,0.93,0.01,87,2,1,game,threat,game,hene,game,0.999999866701767,true,
8,7,7,0.93,0.01,88,1,2,meter,meter,cheek,falu,meter,0.999047693232607,true,
8,7,7,0.93,0.01,89,2,1,purse,purse,game,lipu,purse,0.999999999999998,true,
8,7,7,0.93,0.01,90,1,2,vitamin,danger,vitamin,fuwo,vitamin,1,true,
8,7,7,0.93,0.01,91,2,1,purse,purse,coast,lipu,purse,0.981123639219822,true,
8,7,7,0.93,0.01,92,1,2,purse,purse,game,lipu,purse,1,true,
8,7,7,0.93,0.01,93,2,1,meter,bag,meter,falu,meter,0.99999991346614,true,
8,7,7,0.93,0.01,94,1,2,shore,shore,vitamin,loqi,shore,1,true,
8,7,7,0.93,0.01,95,2,1,danger,danger,cheek,nihatate,danger,0.999990266827923,true,
8,7,7,0.93,0.01,96,1,2,cheek,threat,cheek,qapamoma,threat,0.507764814305069,false,
8,7,7,0.93,0.01,97,2,1,bag,bag,danger,falu,bag,0.999999851895854,true,
8,7,7,0.93,0.01,98,1,2,bag,bag,vitamin,fuwo,vitamin,8.19460116660979E-05,false,
8,7,7,0.93,0.01,99,2,1,shore,shore,coast,loqi,shore,0.9999964941468,true,
8,7,7,0.93,0.01,100,1,2,purse,purse,bag,lipu,purse,0.999989658512004,true,
8,7,7,0.93,0.01,101,2,1,vitamin,threat,vitamin,fuwo,vitamin,0.999999999995416,true,
8,7,7,0.93,0.01,102,1,2,cheek,meter,cheek,qapamoma,cheek,1,true,
8,7,7,0.93,0.01,103,2,1,coast,danger,coast,lipu,coast,0.999911938733541,true,
8,7,7,0.93,0.01,104,1,2,meter,bag,meter,falu,meter,0.999995205242139,true,
8,7,7,0.93,0.01,105,2,1,shore,danger,shore,loqi,shore,0.999999875064072,true,
8,7,7,0.93,0.01,106,1,2,cheek,shore,cheek,qapamoma,cheek,1,true,
8,7,7,0.93,0.01,107,2,1,vitamin,coast,vitamin,fuwo,vitamin,0.999998040795869,true,
8,7,7,0.93,0.01,108,1,2,cheek,purse,cheek,qapamoma,cheek,0.999999999999591,true,
8,7,7,0.93,0.01,109,2,1,coast,coast,cheek,lipu,coast,1,true,
8,7,7,0.93,0.01,110,1,2,cheek,coast,cheek,qapamoma,cheek,1,true,
8,7,7,0.93,0.01,111,2,1,threat,threat,vitamin,nihatate,threat,0.999999999999989,true,
8,7,7,0.93,0.01,112,1,2,vitamin,vitamin,cheek,fuwo,vitamin,1,true,
8,7,7,0.93,0.01,113,2,1,purse,purse,meter,hene,purse,0.99993455149122,true,
8,7,7,0.93,0.01,114,1,2,game,danger,game,nihatate,danger,0.062266726546999,false,
8,7,7,0.93,0.01,115,2,1,coast,coast,meter,lipu,coast,0.999999999999122,true,
8,7,7,0.93,0.01,116,1,2,game,threat,game,loqi,game,0.999999690883493,true,
8,7,7,0.93,0.01,117,2,1,danger,danger,coast,nihatate,danger,0.99999998642073,true,
8,7,7,0.93,0.01,118,1,2,threat,threat,cheek,nihatate,threat,0.999999999999904,true,
8,7,7,0.93,0.01,119,2,1,cheek,bag,cheek,qapamoma,cheek,0.999999954914218,true,
8,7,7,0.93,0.01,120,1,2,shore,shore,vitamin,fuwo,vitamin,1.03260420051116E-16,false,
9,7,7,0.93,0.01,0,1,2,threat,threat,coast,falu,coast,0.394361219726049,false,
9,7,7,0.93,0.01,1,2,1,bag,bag,coast,lipu,bag,0.999999983671422,true,
9,7,7,0.93,0.01,2,1,2,coast,coast,meter,falu,coast,0.612921320259428,true,
9,7,7,0.93,0.01,3,2,1,shore,shore,cheek,fuwo,cheek,0.355665292509163,false,
9,7,7,0.93,0.01,4,1,2,purse,purse,cheek,lipu,purse,0.999999999988908,true,
9,7,7,0.93,0.01,5,2,1,game,coast,game,hene,game,0.999999999892125,true,
9,7,7,0.93,0.01,6,1,2,purse,purse,threat,lipu,purse,0.999672322204121,true,
9,7,7,0.93,0.01,7,2,1,meter,shore,meter,qapamoma,shore,0.097426566197778,false,
9,7,7,0.93,0.01,8,1,2,danger,danger,cheek,nihatate,danger,0.999999999998934,true,
9,7,7,0.93,0.01,9,2,1,threat,threat,game,falu,game,0.531832711758099,false,
9,7,7,0.93,0.01,10,1,2,coast,purse,coast,falu,coast,0.999998523494447,true,
9,7,7,0.93,0.01,11,2,1,vitamin,bag,vitamin,loqi,bag,0.080286129676359,false,
9,7,7,0.93,0.01,12,1,2,bag,bag,danger,lipu,bag,0.997931810608803,true,
9,7,7,0.93,0.01,13,2,1,danger,danger,meter,nihatate,danger,0.999999791022012,true,
9,7,7,0.93,0.01,14,1,2,vitamin,danger,vitamin,loqi,vitamin,0.99999999999859,true,
9,7,7,0.93,0.01,15,2,1,meter,bag,meter,qapamoma,meter,0.999999999971644,true,
9,7,7,0.93,0.01,16,1,2,cheek,threat,cheek,fuwo,cheek,0.999718575867129,true,
9,7,7,0.93,0.01,17,2,1,purse,purse,vitamin,lipu,purse,1,true,
9,7,7,0.93,0.01,18,1,2,shore,shore,vitamin,fuwo,shore,0.999907435601897,true,
9,7,7,0.93,0.01,19,2,1,meter,meter,vitamin,qapamoma,meter,1,true,
9,7,7,0.93,0.01,20,1,2,game,meter,game,hene,game,0.999999999997637,true,
9,7,7,0.93,0.01,21,2,1,shore,shore,coast,nihatate,shore,0.999989796596552,true,
9,7,7,0.93,0.01,22,1,2,purse,purse,meter,lipu,purse,1,true,
9,7,7,0.93,0.01,23,2,1,game,game,vitamin,hene,game,1,true,
9,7,7,0.93,0.01,24,1,2,threat,threat,meter,falu,threat,0.999999999999932,true,
9,7,7,0.93,0.01,25,2,1,threat,threat,shore,falu,threat,0.999999500704429,true,
9,7,7,0.93,0.01,26,1,2,game,purse,game,hene,game,1,true,
9,7,7,0.93,0.01,27,2,1,danger,danger,shore,nihatate,shore,0.348755484751391,false,
9,7,7,0.93,0.01,28,1,2,danger,purse,danger,nihatate,danger,0.999999999939934,true,
9,7,7,0.93,0.01,29,2,1,cheek,coast,cheek,fuwo,cheek,0.998187151450559,true,
9,7,7,0.93,0.01,30,1,2,coast,danger,coast,qapamoma,coast,0.422810554579326,true,
9,7,7,0.93,0.01,31,2,1,vitamin,coast,vitamin,loqi,vitamin,0.999999999999892,true,
9,7,7,0.93,0.01,32,1,2,vitamin,threat,vitamin,loqi,vitamin,0.999999999999952,true,
9,7,7,0.93,0.01,33,2,1,bag,bag,cheek,lipu,bag,0.999999999999891,true,
9,7,7,0.93,0.01,34,1,2,danger,danger,game,nihatate,danger,1,true,
9,7,7,0.93,0.01,35,2,1,bag,bag,shore,lipu,bag,0.999825157925843,true,
9,7,7,0.93,0.01,36,1,2,shore,shore,game,qapamoma,shore,0.999999999944954,true,
9,7,7,0.93,0.01,37,2,1,cheek,meter,cheek,fuwo,cheek,0.999932886272688,true,
9,7,7,0.93,0.01,38,1,2,bag,bag,threat,lipu,bag,0.999999999681523,true,
9,7,7,0.93,0.01,39,2,1,purse,purse,bag,fuwo,purse,0.999999999999954,true,
9,7,7,0.93,0.01,40,1,2,game,bag,game,hene,game,1,true,
9,7,7,0.93,0.01,41,2,1,shore,purse,shore,qapamoma,shore,0.999981213640614,true,
9,7,7,0.93,0.01,42,1,2,threat,danger,threat,falu,threat,0.989902020105057,true,
9,7,7,0.93,0.01,43,2,1,cheek,vitamin,cheek,fuwo,cheek,0.999999999999998,true,
9,7,7,0.93,0.01,44,1,2,cheek,game,cheek,fuwo,cheek,1,true,
9,7,7,0.93,0.01,45,2,1,bag,bag,coast,lipu,bag,0.999999999799832,true,
9,7,7,0.93,0.01,46,1,2,bag,bag,threat,lipu,bag,0.999999999999137,true,
9,7,7,0.93,0.01,47,2,1,game,meter,game,hene,game,0.999999947719945,true,
9,7,7,0.93,0.01,48,1,2,bag,bag,game,lipu,bag,1,true,
9,7,7,0.93,0.01,49,2,1,vitamin,bag,vitamin,loqi,vitamin,1,true,
9,7,7,0.93,0.01,50,1,2,bag,purse,bag,lipu,bag,0.999998446935047,true,
9,7,7,0.93,0.01,51,2,1,bag,bag,game,lipu,bag,1,true,
9,7,7,0.93,0.01,52,1,2,purse,purse,shore,lipu,purse,0.99999999878368,true,
9,7,7,0.93,0.01,53,2,1,game,game,cheek,hene,game,1,true,
9,7,7,0.93,0.01,54,1,2,danger,bag,danger,nihatate,danger,0.999999999999998,true,
9,7,7,0.93,0.01,55,2,1,coast,threat,coast,qapamoma,coast,0.999999999550121,true,
9,7,7,0.93,0.01,56,1,2,threat,threat,shore,falu,threat,0.999952457326882,true,
9,7,7,0.93,0.01,57,2,1,shore,shore,coast,qapamoma,shore,0.682359113232578,true,
9,7,7,0.93,0.01,58,1,2,danger,danger,cheek,nihatate,danger,0.999999999999986,true,
9,7,7,0.93,0.01,59,2,1,meter,threat,meter,nihatate,meter,0.999999999997243,true,
9,7,7,0.93,0.01,60,1,2,cheek,purse,cheek,fuwo,cheek,0.999997325623838,true,
9,7,7,0.93,0.01,61,2,1,game,game,cheek,hene,game,1,true,
9,7,7,0.93,0.01,62,1,2,danger,danger,threat,nihatate,danger,0.921619901070666,true,
9,7,7,0.93,0.01,63,2,1,purse,purse,shore,falu,purse,0.999796655209392,true,
9,7,7,0.93,0.01,64,1,2,threat,threat,coast,falu,threat,0.999999934841055,true,
9,7,7,0.93,0.01,65,2,1,shore,bag,shore,qapamoma,shore,1,true,
9,7,7,0.93,0.01,66,1,2,meter,purse,meter,hene,purse,5.48658888875712E-08,false,
9,7,7,0.93,0.01,67,2,1,danger,danger,game,nihatate,danger,0.999999999999707,true,
9,7,7,0.93,0.01,68,1,2,game,shore,game,hene,game,1,true,
9,7,7,0.93,0.01,69,2,1,purse,purse,danger,falu,purse,0.99999999999997,true,
9,7,7,0.93,0.01,70,1,2,shore,shore,meter,qapamoma,shore,0.99992991278258,true,
9,7,7,0.93,0.01,71,2,1,vitamin,game,vitamin,loqi,vitamin,0.999999999999998,true,
9,7,7,0.93,0.01,72,1,2,meter,meter,game,qapamoma,meter,1,true,
9,7,7,0.93,0.01,73,2,1,coast,coast,vitamin,qapamoma,coast,0.999999998443817,true,
9,7,7,0.93,0.01,74,1,2,coast,coast,game,qapamoma,coast,1,true,
9,7,7,0.93,0.01,75,2,1,shore,shore,game,qapamoma,shore,1,true,
9,7,7,0.93,0.01,76,1,2,bag,bag,shore,fuwo,bag,0.999999990557235,true,
9,7,7,0.93,0.01,77,2,1,vitamin,meter,vitamin,loqi,vitamin,0.999244748281486,true,
9,7,7,0.93,0.01,78,1,2,danger,danger,threat,nihatate,danger,0.998912525176794,true,
9,7,7,0.93,0.01,79,2,1,danger,danger,meter,nihatate,danger,0.999999962343715,true,
9,7,7,0.93,0.01,80,1,2,shore,shore,cheek,qapamoma,shore,0.999999964863033,true,
9,7,7,0.93,0.01,81,2,1,danger,danger,vitamin,nihatate,danger,0.999999999999988,true,
9,7,7,0.93,0.01,82,1,2,meter,danger,meter,lipu,meter,0.999999999999995,true,
9,7,7,0.93,0.01,83,2,1,coast,coast,meter,qapamoma,coast,1,true,
9,7,7,0.93,0.01,84,1,2,game,coast,game,hene,game,0.999999999999621,true,
9,7,7,0.93,0.01,85,2,1,shore,shore,meter,qapamoma,shore,1,true,
9,7,7,0.93,0.01,86,1,2,game,game,vitamin,hene,game,1,true,
9,7,7,0.93,0.01,87,2,1,game,threat,game,hene,game,0.999999950326043,true,
9,7,7,0.93,0.01,88,1,2,meter,meter,cheek,lipu,meter,0.993323490560708,true,
9,7,7,0.93,0.01,89,2,1,purse,purse,game,fuwo,purse,0.999999999994859,true,
9,7,7,0.93,0.01,90,1,2,vitamin,danger,vitamin,loqi,vitamin,1,true,
9,7,7,0.93,0.01,91,2,1,purse,purse,coast,fuwo,purse,0.999994546678111,true,
9,7,7,0.93,0.01,92,1,2,purse,purse,game,fuwo,purse,1,true,
9,7,7,0.93,0.01,93,2,1,meter,bag,meter,lipu,meter,0.999999832422146,true,
9,7,7,0.93,0.01,94,1,2,shore,shore,vitamin,qapamoma,shore,1,true,
9,7,7,0.93,0.01,95,2,1,danger,danger,cheek,nihatate,danger,0.999960789351526,true,
9,7,7,0.93,0.01,96,1,2,cheek,threat,cheek,falu,cheek,0.481232107487724,true,
9,7,7,0.93,0.01,97,2,1,bag,bag,danger,fuwo,bag,0.999999999559883,true,
9,7,7,0.93,0.01,98,1,2,bag,bag,vitamin,fuwo,bag,0.999999999999794,true,
9,7,7,0.93,0.01,99,2,1,shore,shore,coast,qapamoma,shore,0.999986338301362,true,
9,7,7,0.93,0.01,100,1,2,purse,purse,bag,fuwo,purse,0.434147190362945,true,
9,7,7,0.93,0.01,101,2,1,vitamin,threat,vitamin,loqi,vitamin,0.999999754869788,true,
9,7,7,0.93,0.01,102,1,2,cheek,meter,cheek,falu,cheek,0.999999999999998,true,
9,7,7,0.93,0.01,103,2,1,coast,danger,coast,qapamoma,coast,0.999986453624338,true,
9,7,7,0.93,0.01,104,1,2,meter,bag,meter,lipu,meter,0.999999999526595,true,
9,7,7,0.93,0.01,105,2,1,shore,danger,shore,qapamoma,shore,0.99999996991105,true,
9,7,7,0.93,0.01,106,1,2,cheek,shore,cheek,falu,cheek,1,true,
9,7,7,0.93,0.01,107,2,1,vitamin,coast,vitamin,loqi,vitamin,0.999999967699445,true,
9,7,7,0.93,0.01,108,1,2,cheek,purse,cheek,falu,cheek,1,true,
9,7,7,0.93,0.01,109,2,1,coast,coast,cheek,qapamoma,coast,1,true,
9,7,7,0.93,0.01,110,1,2,cheek,coast,cheek,falu,cheek,1,true,
9,7,7,0.93,0.01,111,2,1,threat,threat,vitamin,hene,threat,0.99999999993501,true,
9,7,7,0.93,0.01,112,1,2,vitamin,vitamin,cheek,loqi,vitamin,1,true,
9,7,7,0.93,0.01,113,2,1,purse,purse,meter,fuwo,purse,1,true,
9,7,7,0.93,0.01,114,1,2,game,danger,game,nihatate,danger,0.396759863009041,false,
9,7,7,0.93,0.01,115,2,1,coast,coast,meter,qapamoma,coast,0.999999999999996,true,
9,7,7,0.93,0.01,116,1,2,game,threat,game,hene,threat,7.9302306806966E-09,false,
9,7,7,0.93,0.01,117,2,1,danger,danger,coast,hene,coast,0.015292529410595,false,
9,7,7,0.93,0.01,118,1,2,threat,threat,cheek,hene,threat,0.99999999999994,true,
9,7,7,0.93,0.01,119,2,1,cheek,bag,cheek,falu,cheek,0.999999999989632,true,
9,7,7,0.93,0.01,120,1,2,shore,shore,vitamin,qapamoma,shore,0.999999999999783,true,
