iterationNum,speakerAlpha,listenerAlpha,discountFactor,guessingEpsilon,time,                 speakerID,listenerID,intendedName, word1, word2, topSpeakerChoice,topListenerChoice,correctProb,correct,7.82962962962963
0,10,10,0.95,0.01,0,1,2,threat,threat,coast,nihatate,threat,0.854446936881788,true,
0,10,10,0.95,0.01,1,2,1,bag,bag,coast,falu,coast,0.531771101128037,false,
0,10,10,0.95,0.01,2,1,2,coast,coast,meter,lipu,meter,1.80615979526667E-11,false,
0,10,10,0.95,0.01,3,2,1,shore,shore,cheek,loqi,cheek,0.125917081638875,false,
0,10,10,0.95,0.01,4,1,2,purse,purse,cheek,falu,purse,0.999999999999993,true,
0,10,10,0.95,0.01,5,2,1,game,coast,game,hene,coast,0.011606076277916,false,
0,10,10,0.95,0.01,6,1,2,purse,purse,threat,falu,purse,0.999999920359016,true,
0,10,10,0.95,0.01,7,2,1,meter,shore,meter,fuwo,shore,7.34427496217418E-15,false,
0,10,10,0.95,0.01,8,1,2,danger,danger,cheek,qapamoma,danger,1,true,
0,10,10,0.95,0.01,9,2,1,threat,threat,game,nihatate,threat,0.999999999999723,true,
0,10,10,0.95,0.01,10,1,2,coast,purse,coast,loqi,purse,5.60278986698299E-08,false,
0,10,10,0.95,0.01,11,2,1,vitamin,bag,vitamin,hene,bag,0.016579147181396,false,
0,10,10,0.95,0.01,12,1,2,bag,bag,danger,nihatate,danger,7.32590839895144E-14,false,
0,10,10,0.95,0.01,13,2,1,danger,danger,meter,qapamoma,danger,0.999999999999936,true,
0,10,10,0.95,0.01,14,1,2,vitamin,danger,vitamin,hene,vitamin,0.999999999999812,true,
0,10,10,0.95,0.01,15,2,1,meter,bag,meter,lipu,bag,0.039244126558781,false,
0,10,10,0.95,0.01,16,1,2,cheek,threat,cheek,lipu,threat,5.87050619049467E-06,false,
0,10,10,0.95,0.01,17,2,1,purse,purse,vitamin,falu,purse,1,true,
0,10,10,0.95,0.01,18,1,2,shore,shore,vitamin,loqi,shore,0.999735471073338,true,
0,10,10,0.95,0.01,19,2,1,meter,meter,vitamin,fuwo,meter,1,true,
0,10,10,0.95,0.01,20,1,2,game,meter,game,fuwo,meter,2.36654401730547E-13,false,
0,10,10,0.95,0.01,21,2,1,shore,shore,coast,loqi,shore,0.999999905697723,true,
0,10,10,0.95,0.01,22,1,2,purse,purse,meter,falu,purse,1,true,
0,10,10,0.95,0.01,23,2,1,game,game,vitamin,hene,vitamin,2.3880843424377E-08,false,
0,10,10,0.95,0.01,24,1,2,threat,threat,meter,nihatate,threat,1,true,
0,10,10,0.95,0.01,25,2,1,threat,threat,shore,nihatate,threat,1,true,
0,10,10,0.95,0.01,26,1,2,game,purse,game,hene,game,1,true,
0,10,10,0.95,0.01,27,2,1,danger,danger,shore,qapamoma,danger,1,true,
0,10,10,0.95,0.01,28,1,2,danger,purse,danger,qapamoma,danger,1,true,
0,10,10,0.95,0.01,29,2,1,cheek,coast,cheek,lipu,cheek,0.703432231144761,true,
0,10,10,0.95,0.01,30,1,2,coast,danger,coast,loqi,coast,1,true,
0,10,10,0.95,0.01,31,2,1,vitamin,coast,vitamin,hene,vitamin,0.999999999999996,true,
0,10,10,0.95,0.01,32,1,2,vitamin,threat,vitamin,hene,vitamin,1,true,
0,10,10,0.95,0.01,33,2,1,bag,bag,cheek,hene,bag,0.964532344922224,true,
0,10,10,0.95,0.01,34,1,2,danger,danger,game,qapamoma,danger,0.999999426836203,true,
0,10,10,0.95,0.01,35,2,1,bag,bag,shore,falu,bag,0.999999940182144,true,
0,10,10,0.95,0.01,36,1,2,shore,shore,game,loqi,shore,0.999995806921811,true,
0,10,10,0.95,0.01,37,2,1,cheek,meter,cheek,lipu,cheek,0.999999997214346,true,
0,10,10,0.95,0.01,38,1,2,bag,bag,threat,qapamoma,threat,1.31025450956284E-13,false,
0,10,10,0.95,0.01,39,2,1,purse,purse,bag,falu,purse,0.999485639449947,true,
0,10,10,0.95,0.01,40,1,2,game,bag,game,hene,game,0.999696313202078,true,
0,10,10,0.95,0.01,41,2,1,shore,purse,shore,loqi,shore,1,true,
0,10,10,0.95,0.01,42,1,2,threat,danger,threat,nihatate,threat,0.999999999999716,true,
0,10,10,0.95,0.01,43,2,1,cheek,vitamin,cheek,lipu,cheek,0.999997637594902,true,
0,10,10,0.95,0.01,44,1,2,cheek,game,cheek,lipu,cheek,0.999999986549634,true,
0,10,10,0.95,0.01,45,2,1,bag,bag,coast,qapamoma,bag,0.998507514451828,true,
0,10,10,0.95,0.01,46,1,2,bag,bag,threat,nihatate,threat,6.76107198711135E-24,false,
0,10,10,0.95,0.01,47,2,1,game,meter,game,hene,game,0.999999999999906,true,
0,10,10,0.95,0.01,48,1,2,bag,bag,game,nihatate,bag,1,true,
0,10,10,0.95,0.01,49,2,1,vitamin,bag,vitamin,fuwo,bag,0.306863155658099,false,
0,10,10,0.95,0.01,50,1,2,bag,purse,bag,falu,purse,4.65734834165393E-07,false,
0,10,10,0.95,0.01,51,2,1,bag,bag,game,lipu,bag,1,true,
0,10,10,0.95,0.01,52,1,2,purse,purse,shore,falu,purse,1,true,
0,10,10,0.95,0.01,53,2,1,game,game,cheek,hene,game,1,true,
0,10,10,0.95,0.01,54,1,2,danger,bag,danger,qapamoma,danger,0.95999663185671,true,
0,10,10,0.95,0.01,55,2,1,coast,threat,coast,loqi,coast,1,true,
0,10,10,0.95,0.01,56,1,2,threat,threat,shore,nihatate,threat,0.999999996836053,true,
0,10,10,0.95,0.01,57,2,1,shore,shore,coast,loqi,shore,0.890343452868651,true,
0,10,10,0.95,0.01,58,1,2,danger,danger,cheek,qapamoma,danger,1,true,
0,10,10,0.95,0.01,59,2,1,meter,threat,meter,fuwo,meter,1,true,
0,10,10,0.95,0.01,60,1,2,cheek,purse,cheek,lipu,cheek,0.999999999999975,true,
0,10,10,0.95,0.01,61,2,1,game,game,cheek,hene,game,1,true,
0,10,10,0.95,0.01,62,1,2,danger,danger,threat,qapamoma,danger,0.998325175891268,true,
0,10,10,0.95,0.01,63,2,1,purse,purse,shore,falu,purse,0.999999999999977,true,
0,10,10,0.95,0.01,64,1,2,threat,threat,coast,nihatate,threat,0.999988380137572,true,
0,10,10,0.95,0.01,65,2,1,shore,bag,shore,loqi,shore,0.998736911035314,true,
0,10,10,0.95,0.01,66,1,2,meter,purse,meter,fuwo,meter,1,true,
0,10,10,0.95,0.01,67,2,1,danger,danger,game,qapamoma,danger,1,true,
0,10,10,0.95,0.01,68,1,2,game,shore,game,hene,game,1,true,
0,10,10,0.95,0.01,69,2,1,purse,purse,danger,falu,purse,1,true,
0,10,10,0.95,0.01,70,1,2,shore,shore,meter,loqi,shore,1,true,
0,10,10,0.95,0.01,71,2,1,vitamin,game,vitamin,lipu,vitamin,1,true,
0,10,10,0.95,0.01,72,1,2,meter,meter,game,fuwo,meter,1,true,
0,10,10,0.95,0.01,73,2,1,coast,coast,vitamin,loqi,coast,0.991803764544144,true,
0,10,10,0.95,0.01,74,1,2,coast,coast,game,loqi,coast,1,true,
0,10,10,0.95,0.01,75,2,1,shore,shore,game,loqi,shore,1,true,
0,10,10,0.95,0.01,76,1,2,bag,bag,shore,falu,bag,1,true,
0,10,10,0.95,0.01,77,2,1,vitamin,meter,vitamin,lipu,vitamin,1,true,
0,10,10,0.95,0.01,78,1,2,danger,danger,threat,qapamoma,danger,0.99999908338357,true,
0,10,10,0.95,0.01,79,2,1,danger,danger,meter,qapamoma,danger,1,true,
0,10,10,0.95,0.01,80,1,2,shore,shore,cheek,loqi,shore,0.999999993209389,true,
0,10,10,0.95,0.01,81,2,1,danger,danger,vitamin,qapamoma,danger,1,true,
0,10,10,0.95,0.01,82,1,2,meter,danger,meter,fuwo,meter,1,true,
0,10,10,0.95,0.01,83,2,1,coast,coast,meter,loqi,coast,1,true,
0,10,10,0.95,0.01,84,1,2,game,coast,game,hene,game,1,true,
0,10,10,0.95,0.01,85,2,1,shore,shore,meter,loqi,shore,1,true,
0,10,10,0.95,0.01,86,1,2,game,game,vitamin,hene,game,1,true,
0,10,10,0.95,0.01,87,2,1,game,threat,game,hene,game,0.999999999872502,true,
0,10,10,0.95,0.01,88,1,2,meter,meter,cheek,fuwo,meter,0.999999998557151,true,
0,10,10,0.95,0.01,89,2,1,purse,purse,game,falu,purse,1,true,
0,10,10,0.95,0.01,90,1,2,vitamin,danger,vitamin,lipu,vitamin,1,true,
0,10,10,0.95,0.01,91,2,1,purse,purse,coast,falu,purse,0.99999996300749,true,
0,10,10,0.95,0.01,92,1,2,purse,purse,game,falu,purse,1,true,
0,10,10,0.95,0.01,93,2,1,meter,bag,meter,fuwo,meter,0.9999999997725,true,
0,10,10,0.95,0.01,94,1,2,shore,shore,vitamin,loqi,shore,1,true,
0,10,10,0.95,0.01,95,2,1,danger,danger,cheek,qapamoma,danger,0.999999998239123,true,
0,10,10,0.95,0.01,96,1,2,cheek,threat,cheek,nihatate,cheek,0.853206272603004,true,
0,10,10,0.95,0.01,97,2,1,bag,bag,danger,lipu,bag,1,true,
0,10,10,0.95,0.01,98,1,2,bag,bag,vitamin,nihatate,bag,0.999999999799798,true,
0,10,10,0.95,0.01,99,2,1,shore,shore,coast,loqi,shore,0.999999980091659,true,
0,10,10,0.95,0.01,100,1,2,purse,purse,bag,falu,purse,0.99999992050266,true,
0,10,10,0.95,0.01,101,2,1,vitamin,threat,vitamin,lipu,vitamin,0.999999999800105,true,
0,10,10,0.95,0.01,102,1,2,cheek,meter,cheek,nihatate,cheek,1,true,
0,10,10,0.95,0.01,103,2,1,coast,danger,coast,loqi,coast,0.999999999896918,true,
0,10,10,0.95,0.01,104,1,2,meter,bag,meter,fuwo,meter,0.99999999834027,true,
0,10,10,0.95,0.01,105,2,1,shore,danger,shore,loqi,shore,0.999999999999947,true,
0,10,10,0.95,0.01,106,1,2,cheek,shore,cheek,nihatate,cheek,1,true,
0,10,10,0.95,0.01,107,2,1,vitamin,coast,vitamin,lipu,vitamin,0.999999999891939,true,
0,10,10,0.95,0.01,108,1,2,cheek,purse,cheek,nihatate,cheek,1,true,
0,10,10,0.95,0.01,109,2,1,coast,coast,cheek,loqi,coast,1,true,
0,10,10,0.95,0.01,110,1,2,cheek,coast,cheek,nihatate,cheek,1,true,
0,10,10,0.95,0.01,111,2,1,threat,threat,vitamin,qapamoma,threat,1,true,
0,10,10,0.95,0.01,112,1,2,vitamin,vitamin,cheek,lipu,vitamin,1,true,
0,10,10,0.95,0.01,113,2,1,purse,purse,meter,falu,purse,1,true,
0,10,10,0.95,0.01,114,1,2,game,danger,game,hene,game,0.999983982208375,true,
0,10,10,0.95,0.01,115,2,1,coast,coast,meter,loqi,coast,1,true,
0,10,10,0.95,0.01,116,1,2,game,threat,game,hene,game,1,true,
0,10,10,0.95,0.01,117,2,1,danger,danger,coast,qapamoma,danger,0.999999999999766,true,
0,10,10,0.95,0.01,118,1,2,threat,threat,cheek,qapamoma,threat,1,true,
0,10,10,0.95,0.01,119,2,1,cheek,bag,cheek,nihatate,cheek,0.999999999646344,true,
0,10,10,0.95,0.01,120,1,2,shore,shore,vitamin,loqi,shore,1,true,
1,10,10,0.95,0.01,0,1,2,threat,threat,coast,qapamoma,threat,0.882237845440317,true,
1,10,10,0.95,0.01,1,2,1,bag,bag,coast,nihatate,bag,0.311508139952407,true,
1,10,10,0.95,0.01,2,1,2,coast,coast,meter,loqi,meter,0.359548699951569,false,
1,10,10,0.95,0.01,3,2,1,shore,shore,cheek,loqi,shore,0.046960080846716,true,
1,10,10,0.95,0.01,4,1,2,purse,purse,cheek,nihatate,purse,0.909308819227623,true,
1,10,10,0.95,0.01,5,2,1,game,coast,game,fuwo,coast,0.001042363490439,false,
1,10,10,0.95,0.01,6,1,2,purse,purse,threat,nihatate,purse,0.999999989310851,true,
1,10,10,0.95,0.01,7,2,1,meter,shore,meter,qapamoma,shore,8.33137302932267E-21,false,
1,10,10,0.95,0.01,8,1,2,danger,danger,cheek,lipu,danger,0.984423610440258,true,
1,10,10,0.95,0.01,9,2,1,threat,threat,game,falu,game,0.004745461018463,false,
1,10,10,0.95,0.01,10,1,2,coast,purse,coast,loqi,coast,0.99999947065975,true,
1,10,10,0.95,0.01,11,2,1,vitamin,bag,vitamin,hene,bag,0.022564931540804,false,
1,10,10,0.95,0.01,12,1,2,bag,bag,danger,nihatate,bag,0.999998164980663,true,
1,10,10,0.95,0.01,13,2,1,danger,danger,meter,lipu,danger,0.999999999348304,true,
1,10,10,0.95,0.01,14,1,2,vitamin,danger,vitamin,hene,vitamin,1,true,
1,10,10,0.95,0.01,15,2,1,meter,bag,meter,fuwo,meter,0.997424232906546,true,
1,10,10,0.95,0.01,16,1,2,cheek,threat,cheek,falu,threat,0.019690480236563,false,
1,10,10,0.95,0.01,17,2,1,purse,purse,vitamin,nihatate,purse,1,true,
1,10,10,0.95,0.01,18,1,2,shore,shore,vitamin,loqi,shore,0.999999961063467,true,
1,10,10,0.95,0.01,19,2,1,meter,meter,vitamin,fuwo,meter,1,true,
1,10,10,0.95,0.01,20,1,2,game,meter,game,fuwo,meter,1.17495172556954E-28,false,
1,10,10,0.95,0.01,21,2,1,shore,shore,coast,loqi,shore,0.997849342644987,true,
1,10,10,0.95,0.01,22,1,2,purse,purse,meter,nihatate,purse,1,true,
1,10,10,0.95,0.01,23,2,1,game,game,vitamin,falu,game,1,true,
1,10,10,0.95,0.01,24,1,2,threat,threat,meter,falu,threat,1,true,
1,10,10,0.95,0.01,25,2,1,threat,threat,shore,falu,threat,1,true,
1,10,10,0.95,0.01,26,1,2,game,purse,game,qapamoma,game,0.999999999999694,true,
1,10,10,0.95,0.01,27,2,1,danger,danger,shore,lipu,danger,1,true,
1,10,10,0.95,0.01,28,1,2,danger,purse,danger,lipu,danger,1,true,
1,10,10,0.95,0.01,29,2,1,cheek,coast,cheek,falu,cheek,0.999993056701899,true,
1,10,10,0.95,0.01,30,1,2,coast,danger,coast,loqi,coast,1,true,
1,10,10,0.95,0.01,31,2,1,vitamin,coast,vitamin,hene,vitamin,1,true,
1,10,10,0.95,0.01,32,1,2,vitamin,threat,vitamin,hene,vitamin,0.999999978776501,true,
1,10,10,0.95,0.01,33,2,1,bag,bag,cheek,nihatate,bag,0.992915398747253,true,
1,10,10,0.95,0.01,34,1,2,danger,danger,game,lipu,danger,0.999999997293672,true,
1,10,10,0.95,0.01,35,2,1,bag,bag,shore,nihatate,bag,0.999999999999556,true,
1,10,10,0.95,0.01,36,1,2,shore,shore,game,loqi,shore,0.999998670370532,true,
1,10,10,0.95,0.01,37,2,1,cheek,meter,cheek,falu,cheek,1,true,
1,10,10,0.95,0.01,38,1,2,bag,bag,threat,nihatate,bag,0.999999975258486,true,
1,10,10,0.95,0.01,39,2,1,purse,purse,bag,loqi,purse,1,true,
1,10,10,0.95,0.01,40,1,2,game,bag,game,qapamoma,game,1,true,
1,10,10,0.95,0.01,41,2,1,shore,purse,shore,loqi,shore,0.999999567037042,true,
1,10,10,0.95,0.01,42,1,2,threat,danger,threat,lipu,danger,1.54995538979036E-05,false,
1,10,10,0.95,0.01,43,2,1,cheek,vitamin,cheek,falu,cheek,1,true,
1,10,10,0.95,0.01,44,1,2,cheek,game,cheek,falu,cheek,0.999999999999998,true,
1,10,10,0.95,0.01,45,2,1,bag,bag,coast,nihatate,bag,0.999999999025976,true,
1,10,10,0.95,0.01,46,1,2,bag,bag,threat,nihatate,bag,0.999999999999674,true,
1,10,10,0.95,0.01,47,2,1,game,meter,game,qapamoma,game,0.999999999998778,true,
1,10,10,0.95,0.01,48,1,2,bag,bag,game,nihatate,bag,1,true,
1,10,10,0.95,0.01,49,2,1,vitamin,bag,vitamin,hene,vitamin,1,true,
1,10,10,0.95,0.01,50,1,2,bag,purse,bag,nihatate,bag,0.999999995616692,true,
1,10,10,0.95,0.01,51,2,1,bag,bag,game,nihatate,bag,1,true,
1,10,10,0.95,0.01,52,1,2,purse,purse,shore,nihatate,purse,0.999999999999996,true,
1,10,10,0.95,0.01,53,2,1,game,game,cheek,qapamoma,game,1,true,
1,10,10,0.95,0.01,54,1,2,danger,bag,danger,lipu,danger,1,true,
1,10,10,0.95,0.01,55,2,1,coast,threat,coast,loqi,coast,0.99924545548269,true,
1,10,10,0.95,0.01,56,1,2,threat,threat,shore,fuwo,shore,5.3297002632217E-05,false,
1,10,10,0.95,0.01,57,2,1,shore,shore,coast,loqi,shore,0.947659392630681,true,
1,10,10,0.95,0.01,58,1,2,danger,danger,cheek,lipu,danger,1,true,
1,10,10,0.95,0.01,59,2,1,meter,threat,meter,fuwo,threat,0.420885180180332,false,
1,10,10,0.95,0.01,60,1,2,cheek,purse,cheek,falu,cheek,0.999999995077822,true,
1,10,10,0.95,0.01,61,2,1,game,game,cheek,qapamoma,game,1,true,
1,10,10,0.95,0.01,62,1,2,danger,danger,threat,lipu,threat,0.237784535571033,false,
1,10,10,0.95,0.01,63,2,1,purse,purse,shore,nihatate,purse,0.999999999472976,true,
1,10,10,0.95,0.01,64,1,2,threat,threat,coast,lipu,threat,0.999999999942855,true,
1,10,10,0.95,0.01,65,2,1,shore,bag,shore,loqi,shore,1,true,
1,10,10,0.95,0.01,66,1,2,meter,purse,meter,fuwo,meter,0.99883046014471,true,
1,10,10,0.95,0.01,67,2,1,danger,danger,game,lipu,danger,1,true,
1,10,10,0.95,0.01,68,1,2,game,shore,game,qapamoma,game,1,true,
1,10,10,0.95,0.01,69,2,1,purse,purse,danger,nihatate,purse,0.971415171716684,true,
1,10,10,0.95,0.01,70,1,2,shore,shore,meter,loqi,shore,0.999999999999979,true,
1,10,10,0.95,0.01,71,2,1,vitamin,game,vitamin,hene,vitamin,1,true,
1,10,10,0.95,0.01,72,1,2,meter,meter,game,fuwo,meter,1,true,
1,10,10,0.95,0.01,73,2,1,coast,coast,vitamin,loqi,coast,0.999999999999986,true,
1,10,10,0.95,0.01,74,1,2,coast,coast,game,loqi,coast,1,true,
1,10,10,0.95,0.01,75,2,1,shore,shore,game,loqi,shore,1,true,
1,10,10,0.95,0.01,76,1,2,bag,bag,shore,nihatate,bag,1,true,
1,10,10,0.95,0.01,77,2,1,vitamin,meter,vitamin,hene,vitamin,1,true,
1,10,10,0.95,0.01,78,1,2,danger,danger,threat,lipu,danger,0.999997258384648,true,
1,10,10,0.95,0.01,79,2,1,danger,danger,meter,lipu,danger,1,true,
1,10,10,0.95,0.01,80,1,2,shore,shore,cheek,loqi,shore,0.999999999999893,true,
1,10,10,0.95,0.01,81,2,1,danger,danger,vitamin,lipu,danger,1,true,
1,10,10,0.95,0.01,82,1,2,meter,danger,meter,fuwo,meter,1,true,
1,10,10,0.95,0.01,83,2,1,coast,coast,meter,loqi,coast,1,true,
1,10,10,0.95,0.01,84,1,2,game,coast,game,qapamoma,game,1,true,
1,10,10,0.95,0.01,85,2,1,shore,shore,meter,loqi,shore,1,true,
1,10,10,0.95,0.01,86,1,2,game,game,vitamin,qapamoma,game,1,true,
1,10,10,0.95,0.01,87,2,1,game,threat,game,qapamoma,game,0.999999999905568,true,
1,10,10,0.95,0.01,88,1,2,meter,meter,cheek,fuwo,meter,0.999999999479473,true,
1,10,10,0.95,0.01,89,2,1,purse,purse,game,nihatate,purse,1,true,
1,10,10,0.95,0.01,90,1,2,vitamin,danger,vitamin,hene,vitamin,1,true,
1,10,10,0.95,0.01,91,2,1,purse,purse,coast,nihatate,purse,0.999999998501226,true,
1,10,10,0.95,0.01,92,1,2,purse,purse,game,nihatate,purse,1,true,
1,10,10,0.95,0.01,93,2,1,meter,bag,meter,fuwo,meter,0.999999999848323,true,
1,10,10,0.95,0.01,94,1,2,shore,shore,vitamin,loqi,shore,1,true,
1,10,10,0.95,0.01,95,2,1,danger,danger,cheek,lipu,danger,0.999999915239872,true,
1,10,10,0.95,0.01,96,1,2,cheek,threat,cheek,falu,cheek,0.811903844054518,true,
1,10,10,0.95,0.01,97,2,1,bag,bag,danger,falu,bag,1,true,
1,10,10,0.95,0.01,98,1,2,bag,bag,vitamin,loqi,bag,0.999999999999652,true,
1,10,10,0.95,0.01,99,2,1,shore,shore,coast,loqi,shore,0.999999339065538,true,
1,10,10,0.95,0.01,100,1,2,purse,purse,bag,nihatate,purse,0.999999834563727,true,
1,10,10,0.95,0.01,101,2,1,vitamin,threat,vitamin,hene,vitamin,0.999999999927901,true,
1,10,10,0.95,0.01,102,1,2,cheek,meter,cheek,falu,cheek,1,true,
1,10,10,0.95,0.01,103,2,1,coast,danger,coast,loqi,coast,0.999999999968818,true,
1,10,10,0.95,0.01,104,1,2,meter,bag,meter,fuwo,meter,0.999999996038881,true,
1,10,10,0.95,0.01,105,2,1,shore,danger,shore,loqi,shore,0.999999999998895,true,
1,10,10,0.95,0.01,106,1,2,cheek,shore,cheek,falu,cheek,1,true,
1,10,10,0.95,0.01,107,2,1,vitamin,coast,vitamin,hene,vitamin,0.999999999732966,true,
1,10,10,0.95,0.01,108,1,2,cheek,purse,cheek,falu,cheek,1,true,
1,10,10,0.95,0.01,109,2,1,coast,coast,cheek,loqi,coast,1,true,
1,10,10,0.95,0.01,110,1,2,cheek,coast,cheek,falu,cheek,1,true,
1,10,10,0.95,0.01,111,2,1,threat,threat,vitamin,lipu,threat,1,true,
1,10,10,0.95,0.01,112,1,2,vitamin,vitamin,cheek,hene,vitamin,1,true,
1,10,10,0.95,0.01,113,2,1,purse,purse,meter,nihatate,purse,1,true,
1,10,10,0.95,0.01,114,1,2,game,danger,game,qapamoma,game,0.99997791749098,true,
1,10,10,0.95,0.01,115,2,1,coast,coast,meter,loqi,coast,1,true,
1,10,10,0.95,0.01,116,1,2,game,threat,game,qapamoma,game,1,true,
1,10,10,0.95,0.01,117,2,1,danger,danger,coast,lipu,danger,0.999999999999861,true,
1,10,10,0.95,0.01,118,1,2,threat,threat,cheek,lipu,threat,1,true,
1,10,10,0.95,0.01,119,2,1,cheek,bag,cheek,falu,cheek,0.999999999858892,true,
1,10,10,0.95,0.01,120,1,2,shore,shore,vitamin,loqi,shore,1,true,
2,10,10,0.95,0.01,0,1,2,threat,threat,coast,qapamoma,threat,0.399073899911039,true,
2,10,10,0.95,0.01,1,2,1,bag,bag,coast,loqi,coast,0.626530110107004,false,
2,10,10,0.95,0.01,2,1,2,coast,coast,meter,falu,meter,2.61882102783825E-11,false,
2,10,10,0.95,0.01,3,2,1,shore,shore,cheek,falu,shore,0.875221428334129,true,
2,10,10,0.95,0.01,4,1,2,purse,purse,cheek,loqi,cheek,0.049548649178426,false,
2,10,10,0.95,0.01,5,2,1,game,coast,game,nihatate,coast,6.53799992357084E-05,false,
2,10,10,0.95,0.01,6,1,2,purse,purse,threat,lipu,purse,0.984946945207102,true,
2,10,10,0.95,0.01,7,2,1,meter,shore,meter,lipu,shore,2.83907575438674E-19,false,
2,10,10,0.95,0.01,8,1,2,danger,danger,cheek,qapamoma,danger,0.999558559865675,true,
2,10,10,0.95,0.01,9,2,1,threat,threat,game,qapamoma,threat,0.999999678963464,true,
2,10,10,0.95,0.01,10,1,2,coast,purse,coast,fuwo,purse,3.73903115936135E-13,false,
2,10,10,0.95,0.01,11,2,1,vitamin,bag,vitamin,hene,vitamin,0.033048163990227,true,
2,10,10,0.95,0.01,12,1,2,bag,bag,danger,hene,bag,0.999299079009002,true,
2,10,10,0.95,0.01,13,2,1,danger,danger,meter,qapamoma,danger,0.999999999999872,true,
2,10,10,0.95,0.01,14,1,2,vitamin,danger,vitamin,hene,vitamin,1,true,
2,10,10,0.95,0.01,15,2,1,meter,bag,meter,loqi,bag,7.51768950834404E-10,false,
2,10,10,0.95,0.01,16,1,2,cheek,threat,cheek,loqi,cheek,0.998815632097757,true,
2,10,10,0.95,0.01,17,2,1,purse,purse,vitamin,loqi,purse,0.995775793021809,true,
2,10,10,0.95,0.01,18,1,2,shore,shore,vitamin,falu,shore,1,true,
2,10,10,0.95,0.01,19,2,1,meter,meter,vitamin,lipu,meter,1,true,
2,10,10,0.95,0.01,20,1,2,game,meter,game,nihatate,game,1,true,
2,10,10,0.95,0.01,21,2,1,shore,shore,coast,falu,shore,0.999999999353396,true,
2,10,10,0.95,0.01,22,1,2,purse,purse,meter,hene,purse,0.999999999999531,true,
2,10,10,0.95,0.01,23,2,1,game,game,vitamin,nihatate,game,1,true,
2,10,10,0.95,0.01,24,1,2,threat,threat,meter,qapamoma,threat,1,true,
2,10,10,0.95,0.01,25,2,1,threat,threat,shore,qapamoma,threat,1,true,
2,10,10,0.95,0.01,26,1,2,game,purse,game,nihatate,game,0.999999999989724,true,
2,10,10,0.95,0.01,27,2,1,danger,danger,shore,qapamoma,danger,1,true,
2,10,10,0.95,0.01,28,1,2,danger,purse,danger,qapamoma,danger,0.999999810745834,true,
2,10,10,0.95,0.01,29,2,1,cheek,coast,cheek,loqi,cheek,0.999999989760058,true,
2,10,10,0.95,0.01,30,1,2,coast,danger,coast,falu,coast,0.999999999999776,true,
2,10,10,0.95,0.01,31,2,1,vitamin,coast,vitamin,hene,vitamin,1,true,
2,10,10,0.95,0.01,32,1,2,vitamin,threat,vitamin,hene,vitamin,1,true,
2,10,10,0.95,0.01,33,2,1,bag,bag,cheek,loqi,cheek,8.98477239749226E-12,false,
2,10,10,0.95,0.01,34,1,2,danger,danger,game,qapamoma,danger,1,true,
2,10,10,0.95,0.01,35,2,1,bag,bag,shore,fuwo,bag,0.999998758596209,true,
2,10,10,0.95,0.01,36,1,2,shore,shore,game,falu,shore,1,true,
2,10,10,0.95,0.01,37,2,1,cheek,meter,cheek,loqi,cheek,0.999999989504158,true,
2,10,10,0.95,0.01,38,1,2,bag,bag,threat,fuwo,bag,0.999999999963976,true,
2,10,10,0.95,0.01,39,2,1,purse,purse,bag,fuwo,bag,0.000371514605116,false,
2,10,10,0.95,0.01,40,1,2,game,bag,game,nihatate,game,1,true,
2,10,10,0.95,0.01,41,2,1,shore,purse,shore,falu,shore,0.999999999897837,true,
2,10,10,0.95,0.01,42,1,2,threat,danger,threat,qapamoma,danger,9.22069416572537E-05,false,
2,10,10,0.95,0.01,43,2,1,cheek,vitamin,cheek,loqi,cheek,1,true,
2,10,10,0.95,0.01,44,1,2,cheek,game,cheek,loqi,cheek,1,true,
2,10,10,0.95,0.01,45,2,1,bag,bag,coast,fuwo,bag,0.999999999457803,true,
2,10,10,0.95,0.01,46,1,2,bag,bag,threat,fuwo,bag,1,true,
2,10,10,0.95,0.01,47,2,1,game,meter,game,nihatate,game,0.999999999996656,true,
2,10,10,0.95,0.01,48,1,2,bag,bag,game,fuwo,bag,1,true,
2,10,10,0.95,0.01,49,2,1,vitamin,bag,vitamin,hene,vitamin,1,true,
2,10,10,0.95,0.01,50,1,2,bag,purse,bag,fuwo,bag,0.999999995242706,true,
2,10,10,0.95,0.01,51,2,1,bag,bag,game,fuwo,bag,1,true,
2,10,10,0.95,0.01,52,1,2,purse,purse,shore,loqi,purse,1,true,
2,10,10,0.95,0.01,53,2,1,game,game,cheek,nihatate,game,1,true,
2,10,10,0.95,0.01,54,1,2,danger,bag,danger,qapamoma,danger,1,true,
2,10,10,0.95,0.01,55,2,1,coast,threat,coast,falu,coast,0.997681961516184,true,
2,10,10,0.95,0.01,56,1,2,threat,threat,shore,lipu,threat,0.55183407657176,true,
2,10,10,0.95,0.01,57,2,1,shore,shore,coast,falu,shore,0.685987728098775,true,
2,10,10,0.95,0.01,58,1,2,danger,danger,cheek,qapamoma,danger,1,true,
2,10,10,0.95,0.01,59,2,1,meter,threat,meter,lipu,threat,7.55136684637635E-09,false,
2,10,10,0.95,0.01,60,1,2,cheek,purse,cheek,loqi,cheek,0.999999992719776,true,
2,10,10,0.95,0.01,61,2,1,game,game,cheek,nihatate,game,1,true,
2,10,10,0.95,0.01,62,1,2,danger,danger,threat,qapamoma,threat,0.000719045549849,false,
2,10,10,0.95,0.01,63,2,1,purse,purse,shore,fuwo,purse,0.999999999806079,true,
2,10,10,0.95,0.01,64,1,2,threat,threat,coast,qapamoma,threat,0.999999999991418,true,
2,10,10,0.95,0.01,65,2,1,shore,bag,shore,falu,shore,1,true,
2,10,10,0.95,0.01,66,1,2,meter,purse,meter,lipu,meter,0.992508727606464,true,
2,10,10,0.95,0.01,67,2,1,danger,danger,game,qapamoma,danger,0.999999999999808,true,
2,10,10,0.95,0.01,68,1,2,game,shore,game,nihatate,game,1,true,
2,10,10,0.95,0.01,69,2,1,purse,purse,danger,loqi,purse,0.990145970383502,true,
2,10,10,0.95,0.01,70,1,2,shore,shore,meter,falu,shore,0.999999999999998,true,
2,10,10,0.95,0.01,71,2,1,vitamin,game,vitamin,hene,vitamin,1,true,
2,10,10,0.95,0.01,72,1,2,meter,meter,game,lipu,meter,1,true,
2,10,10,0.95,0.01,73,2,1,coast,coast,vitamin,falu,coast,1,true,
2,10,10,0.95,0.01,74,1,2,coast,coast,game,falu,coast,1,true,
2,10,10,0.95,0.01,75,2,1,shore,shore,game,falu,shore,1,true,
2,10,10,0.95,0.01,76,1,2,bag,bag,shore,loqi,bag,1,true,
2,10,10,0.95,0.01,77,2,1,vitamin,meter,vitamin,hene,vitamin,1,true,
2,10,10,0.95,0.01,78,1,2,danger,danger,threat,qapamoma,danger,0.999998591935923,true,
2,10,10,0.95,0.01,79,2,1,danger,danger,meter,qapamoma,danger,1,true,
2,10,10,0.95,0.01,80,1,2,shore,shore,cheek,falu,shore,0.999999995550531,true,
2,10,10,0.95,0.01,81,2,1,danger,danger,vitamin,qapamoma,danger,1,true,
2,10,10,0.95,0.01,82,1,2,meter,danger,meter,lipu,meter,1,true,
2,10,10,0.95,0.01,83,2,1,coast,coast,meter,falu,coast,1,true,
2,10,10,0.95,0.01,84,1,2,game,coast,game,nihatate,game,1,true,
2,10,10,0.95,0.01,85,2,1,shore,shore,meter,falu,shore,1,true,
2,10,10,0.95,0.01,86,1,2,game,game,vitamin,nihatate,game,1,true,
2,10,10,0.95,0.01,87,2,1,game,threat,game,nihatate,game,0.999999999992829,true,
2,10,10,0.95,0.01,88,1,2,meter,meter,cheek,lipu,meter,0.999999999926859,true,
2,10,10,0.95,0.01,89,2,1,purse,purse,game,loqi,purse,1,true,
2,10,10,0.95,0.01,90,1,2,vitamin,danger,vitamin,hene,vitamin,1,true,
2,10,10,0.95,0.01,91,2,1,purse,purse,coast,loqi,purse,0.999999999575302,true,
2,10,10,0.95,0.01,92,1,2,purse,purse,game,loqi,purse,1,true,
2,10,10,0.95,0.01,93,2,1,meter,bag,meter,lipu,meter,0.999999999556361,true,
2,10,10,0.95,0.01,94,1,2,shore,shore,vitamin,falu,shore,1,true,
2,10,10,0.95,0.01,95,2,1,danger,danger,cheek,qapamoma,danger,0.999999962199083,true,
2,10,10,0.95,0.01,96,1,2,cheek,threat,cheek,fuwo,cheek,0.817191719468245,true,
2,10,10,0.95,0.01,97,2,1,bag,bag,danger,qapamoma,danger,1.69609407590424E-09,false,
2,10,10,0.95,0.01,98,1,2,bag,bag,vitamin,hene,vitamin,5.35736721099796E-08,false,
2,10,10,0.95,0.01,99,2,1,shore,shore,coast,falu,shore,0.999999961564299,true,
2,10,10,0.95,0.01,100,1,2,purse,purse,bag,loqi,purse,0.999999992654395,true,
2,10,10,0.95,0.01,101,2,1,vitamin,threat,vitamin,hene,vitamin,0.999999999991413,true,
2,10,10,0.95,0.01,102,1,2,cheek,meter,cheek,fuwo,cheek,1,true,
2,10,10,0.95,0.01,103,2,1,coast,danger,coast,falu,coast,0.999999999213511,true,
2,10,10,0.95,0.01,104,1,2,meter,bag,meter,lipu,meter,0.999999995034118,true,
2,10,10,0.95,0.01,105,2,1,shore,danger,shore,falu,shore,0.999999999998577,true,
2,10,10,0.95,0.01,106,1,2,cheek,shore,cheek,fuwo,cheek,1,true,
2,10,10,0.95,0.01,107,2,1,vitamin,coast,vitamin,hene,vitamin,0.999999999955961,true,
2,10,10,0.95,0.01,108,1,2,cheek,purse,cheek,fuwo,cheek,1,true,
2,10,10,0.95,0.01,109,2,1,coast,coast,cheek,loqi,coast,1,true,
2,10,10,0.95,0.01,110,1,2,cheek,coast,cheek,fuwo,cheek,1,true,
2,10,10,0.95,0.01,111,2,1,threat,threat,vitamin,qapamoma,threat,1,true,
2,10,10,0.95,0.01,112,1,2,vitamin,vitamin,cheek,hene,vitamin,1,true,
2,10,10,0.95,0.01,113,2,1,purse,purse,meter,loqi,purse,1,true,
2,10,10,0.95,0.01,114,1,2,game,danger,game,nihatate,game,0.999999999538559,true,
2,10,10,0.95,0.01,115,2,1,coast,coast,meter,falu,coast,1,true,
2,10,10,0.95,0.01,116,1,2,game,threat,game,nihatate,game,1,true,
2,10,10,0.95,0.01,117,2,1,danger,danger,coast,qapamoma,danger,0.999993728743135,true,
2,10,10,0.95,0.01,118,1,2,threat,threat,cheek,qapamoma,threat,1,true,
2,10,10,0.95,0.01,119,2,1,cheek,bag,cheek,fuwo,cheek,0.999999999175638,true,
2,10,10,0.95,0.01,120,1,2,shore,shore,vitamin,falu,shore,1,true,
3,10,10,0.95,0.01,0,1,2,threat,threat,coast,loqi,threat,0.32594588168743,true,
3,10,10,0.95,0.01,1,2,1,bag,bag,coast,qapamoma,bag,0.826819049351995,true,
3,10,10,0.95,0.01,2,1,2,coast,coast,meter,fuwo,coast,0.5457229183877,true,
3,10,10,0.95,0.01,3,2,1,shore,shore,cheek,fuwo,cheek,0.86938627521331,false,
3,10,10,0.95,0.01,4,1,2,purse,purse,cheek,qapamoma,purse,0.999999999999993,true,
3,10,10,0.95,0.01,5,2,1,game,coast,game,hene,game,0.99999999396087,true,
3,10,10,0.95,0.01,6,1,2,purse,purse,threat,qapamoma,purse,0.99999940672272,true,
3,10,10,0.95,0.01,7,2,1,meter,shore,meter,lipu,shore,0.054850854690791,false,
3,10,10,0.95,0.01,8,1,2,danger,danger,cheek,nihatate,danger,1,true,
3,10,10,0.95,0.01,9,2,1,threat,threat,game,loqi,threat,0.999999999486462,true,
3,10,10,0.95,0.01,10,1,2,coast,purse,coast,fuwo,coast,0.999999902856311,true,
3,10,10,0.95,0.01,11,2,1,vitamin,bag,vitamin,falu,bag,0.001748182781429,false,
3,10,10,0.95,0.01,12,1,2,bag,bag,danger,qapamoma,bag,0.999996402104862,true,
3,10,10,0.95,0.01,13,2,1,danger,danger,meter,nihatate,danger,0.999999997717843,true,
3,10,10,0.95,0.01,14,1,2,vitamin,danger,vitamin,falu,vitamin,1,true,
3,10,10,0.95,0.01,15,2,1,meter,bag,meter,lipu,meter,0.999999999999874,true,
3,10,10,0.95,0.01,16,1,2,cheek,threat,cheek,hene,cheek,0.793172140893536,true,
3,10,10,0.95,0.01,17,2,1,purse,purse,vitamin,qapamoma,purse,1,true,
3,10,10,0.95,0.01,18,1,2,shore,shore,vitamin,falu,vitamin,1.43424799480888E-06,false,
3,10,10,0.95,0.01,19,2,1,meter,meter,vitamin,lipu,meter,1,true,
3,10,10,0.95,0.01,20,1,2,game,meter,game,loqi,game,0.99999999952297,true,
3,10,10,0.95,0.01,21,2,1,shore,shore,coast,falu,shore,0.999999999999968,true,
3,10,10,0.95,0.01,22,1,2,purse,purse,meter,qapamoma,purse,1,true,
3,10,10,0.95,0.01,23,2,1,game,game,vitamin,loqi,game,1,true,
3,10,10,0.95,0.01,24,1,2,threat,threat,meter,nihatate,threat,1,true,
3,10,10,0.95,0.01,25,2,1,threat,threat,shore,nihatate,threat,0.999813812730471,true,
3,10,10,0.95,0.01,26,1,2,game,purse,game,loqi,game,1,true,
3,10,10,0.95,0.01,27,2,1,danger,danger,shore,nihatate,danger,0.999527260991072,true,
3,10,10,0.95,0.01,28,1,2,danger,purse,danger,nihatate,danger,1,true,
3,10,10,0.95,0.01,29,2,1,cheek,coast,cheek,hene,cheek,0.999999999896222,true,
3,10,10,0.95,0.01,30,1,2,coast,danger,coast,fuwo,coast,1,true,
3,10,10,0.95,0.01,31,2,1,vitamin,coast,vitamin,falu,vitamin,1,true,
3,10,10,0.95,0.01,32,1,2,vitamin,threat,vitamin,falu,vitamin,0.999999999999941,true,
3,10,10,0.95,0.01,33,2,1,bag,bag,cheek,qapamoma,bag,1,true,
3,10,10,0.95,0.01,34,1,2,danger,danger,game,nihatate,danger,1,true,
3,10,10,0.95,0.01,35,2,1,bag,bag,shore,qapamoma,bag,0.999997946006734,true,
3,10,10,0.95,0.01,36,1,2,shore,shore,game,fuwo,shore,1,true,
3,10,10,0.95,0.01,37,2,1,cheek,meter,cheek,hene,cheek,0.999999999999996,true,
3,10,10,0.95,0.01,38,1,2,bag,bag,threat,qapamoma,bag,0.999999999999999,true,
3,10,10,0.95,0.01,39,2,1,purse,purse,bag,nihatate,purse,1,true,
3,10,10,0.95,0.01,40,1,2,game,bag,game,loqi,game,1,true,
3,10,10,0.95,0.01,41,2,1,shore,purse,shore,fuwo,shore,0.998028029693887,true,
3,10,10,0.95,0.01,42,1,2,threat,danger,threat,falu,threat,0.999999978569804,true,
3,10,10,0.95,0.01,43,2,1,cheek,vitamin,cheek,hene,cheek,1,true,
3,10,10,0.95,0.01,44,1,2,cheek,game,cheek,hene,cheek,1,true,
3,10,10,0.95,0.01,45,2,1,bag,bag,coast,qapamoma,bag,1,true,
3,10,10,0.95,0.01,46,1,2,bag,bag,threat,qapamoma,bag,0.999999996186593,true,
3,10,10,0.95,0.01,47,2,1,game,meter,game,loqi,game,0.999999999997934,true,
3,10,10,0.95,0.01,48,1,2,bag,bag,game,qapamoma,bag,1,true,
3,10,10,0.95,0.01,49,2,1,vitamin,bag,vitamin,falu,vitamin,1,true,
3,10,10,0.95,0.01,50,1,2,bag,purse,bag,qapamoma,bag,0.999999999565814,true,
3,10,10,0.95,0.01,51,2,1,bag,bag,game,qapamoma,bag,1,true,
3,10,10,0.95,0.01,52,1,2,purse,purse,shore,loqi,purse,0.999999999999996,true,
3,10,10,0.95,0.01,53,2,1,game,game,cheek,loqi,game,1,true,
3,10,10,0.95,0.01,54,1,2,danger,bag,danger,nihatate,danger,1,true,
3,10,10,0.95,0.01,55,2,1,coast,threat,coast,fuwo,coast,0.999999996094406,true,
3,10,10,0.95,0.01,56,1,2,threat,threat,shore,falu,threat,0.999999714097337,true,
3,10,10,0.95,0.01,57,2,1,shore,shore,coast,fuwo,shore,0.985472281054321,true,
3,10,10,0.95,0.01,58,1,2,danger,danger,cheek,nihatate,danger,1,true,
3,10,10,0.95,0.01,59,2,1,meter,threat,meter,lipu,meter,1,true,
3,10,10,0.95,0.01,60,1,2,cheek,purse,cheek,hene,cheek,0.999999991742943,true,
3,10,10,0.95,0.01,61,2,1,game,game,cheek,loqi,game,1,true,
3,10,10,0.95,0.01,62,1,2,danger,danger,threat,nihatate,danger,0.996650677934717,true,
3,10,10,0.95,0.01,63,2,1,purse,purse,shore,fuwo,shore,0.000666886983346,false,
3,10,10,0.95,0.01,64,1,2,threat,threat,coast,falu,threat,0.999734580984484,true,
3,10,10,0.95,0.01,65,2,1,shore,bag,shore,fuwo,shore,1,true,
3,10,10,0.95,0.01,66,1,2,meter,purse,meter,lipu,meter,0.999999961838884,true,
3,10,10,0.95,0.01,67,2,1,danger,danger,game,nihatate,danger,1,true,
3,10,10,0.95,0.01,68,1,2,game,shore,game,loqi,game,1,true,
3,10,10,0.95,0.01,69,2,1,purse,purse,danger,falu,purse,1,true,
3,10,10,0.95,0.01,70,1,2,shore,shore,meter,fuwo,shore,1,true,
3,10,10,0.95,0.01,71,2,1,vitamin,game,vitamin,falu,vitamin,1,true,
3,10,10,0.95,0.01,72,1,2,meter,meter,game,lipu,meter,1,true,
3,10,10,0.95,0.01,73,2,1,coast,coast,vitamin,hene,coast,0.998879149564256,true,
3,10,10,0.95,0.01,74,1,2,coast,coast,game,fuwo,coast,0.999999999973866,true,
3,10,10,0.95,0.01,75,2,1,shore,shore,game,fuwo,shore,1,true,
3,10,10,0.95,0.01,76,1,2,bag,bag,shore,fuwo,shore,2.4130545118653E-13,false,
3,10,10,0.95,0.01,77,2,1,vitamin,meter,vitamin,falu,vitamin,1,true,
3,10,10,0.95,0.01,78,1,2,danger,danger,threat,nihatate,danger,0.999982944569219,true,
3,10,10,0.95,0.01,79,2,1,danger,danger,meter,nihatate,danger,1,true,
3,10,10,0.95,0.01,80,1,2,shore,shore,cheek,fuwo,shore,0.999999999999252,true,
3,10,10,0.95,0.01,81,2,1,danger,danger,vitamin,nihatate,danger,1,true,
3,10,10,0.95,0.01,82,1,2,meter,danger,meter,lipu,meter,1,true,
3,10,10,0.95,0.01,83,2,1,coast,coast,meter,fuwo,coast,1,true,
3,10,10,0.95,0.01,84,1,2,game,coast,game,loqi,game,0.999999999769154,true,
3,10,10,0.95,0.01,85,2,1,shore,shore,meter,fuwo,shore,1,true,
3,10,10,0.95,0.01,86,1,2,game,game,vitamin,loqi,game,1,true,
3,10,10,0.95,0.01,87,2,1,game,threat,game,loqi,game,0.999999999544778,true,
3,10,10,0.95,0.01,88,1,2,meter,meter,cheek,lipu,meter,0.99999999985842,true,
3,10,10,0.95,0.01,89,2,1,purse,purse,game,nihatate,purse,1,true,
3,10,10,0.95,0.01,90,1,2,vitamin,danger,vitamin,falu,vitamin,1,true,
3,10,10,0.95,0.01,91,2,1,purse,purse,coast,qapamoma,coast,0.393195574537712,false,
3,10,10,0.95,0.01,92,1,2,purse,purse,game,nihatate,purse,1,true,
3,10,10,0.95,0.01,93,2,1,meter,bag,meter,lipu,meter,0.999999999809457,true,
3,10,10,0.95,0.01,94,1,2,shore,shore,vitamin,fuwo,shore,1,true,
3,10,10,0.95,0.01,95,2,1,danger,danger,cheek,nihatate,danger,0.999999858740412,true,
3,10,10,0.95,0.01,96,1,2,cheek,threat,cheek,hene,cheek,0.968912125182101,true,
3,10,10,0.95,0.01,97,2,1,bag,bag,danger,loqi,bag,1,true,
3,10,10,0.95,0.01,98,1,2,bag,bag,vitamin,fuwo,bag,1,true,
3,10,10,0.95,0.01,99,2,1,shore,shore,coast,fuwo,shore,0.999999985346222,true,
3,10,10,0.95,0.01,100,1,2,purse,purse,bag,nihatate,purse,0.559376426235295,true,
3,10,10,0.95,0.01,101,2,1,vitamin,threat,vitamin,falu,vitamin,0.999999983942447,true,
3,10,10,0.95,0.01,102,1,2,cheek,meter,cheek,hene,cheek,1,true,
3,10,10,0.95,0.01,103,2,1,coast,danger,coast,qapamoma,danger,0.093546465854191,false,
3,10,10,0.95,0.01,104,1,2,meter,bag,meter,lipu,meter,0.999999986760043,true,
3,10,10,0.95,0.01,105,2,1,shore,danger,shore,fuwo,shore,0.999996890394625,true,
3,10,10,0.95,0.01,106,1,2,cheek,shore,cheek,hene,cheek,1,true,
3,10,10,0.95,0.01,107,2,1,vitamin,coast,vitamin,falu,vitamin,0.999999922618267,true,
3,10,10,0.95,0.01,108,1,2,cheek,purse,cheek,hene,cheek,1,true,
3,10,10,0.95,0.01,109,2,1,coast,coast,cheek,qapamoma,coast,1,true,
3,10,10,0.95,0.01,110,1,2,cheek,coast,cheek,hene,cheek,1,true,
3,10,10,0.95,0.01,111,2,1,threat,threat,vitamin,nihatate,threat,1,true,
3,10,10,0.95,0.01,112,1,2,vitamin,vitamin,cheek,falu,vitamin,1,true,
3,10,10,0.95,0.01,113,2,1,purse,purse,meter,hene,purse,0.999999999582478,true,
3,10,10,0.95,0.01,114,1,2,game,danger,game,qapamoma,game,0.997120182084866,true,
3,10,10,0.95,0.01,115,2,1,coast,coast,meter,qapamoma,coast,1,true,
3,10,10,0.95,0.01,116,1,2,game,threat,game,qapamoma,game,1,true,
3,10,10,0.95,0.01,117,2,1,danger,danger,coast,nihatate,danger,0.967900248820465,true,
3,10,10,0.95,0.01,118,1,2,threat,threat,cheek,nihatate,threat,1,true,
3,10,10,0.95,0.01,119,2,1,cheek,bag,cheek,hene,cheek,0.999999999990578,true,
3,10,10,0.95,0.01,120,1,2,shore,shore,vitamin,fuwo,shore,1,true,
4,10,10,0.95,0.01,0,1,2,threat,threat,coast,lipu,threat,0.739229064842878,true,
4,10,10,0.95,0.01,1,2,1,bag,bag,coast,loqi,coast,0.110959614739872,false,
4,10,10,0.95,0.01,2,1,2,coast,coast,meter,qapamoma,meter,8.37416117948713E-13,false,
4,10,10,0.95,0.01,3,2,1,shore,shore,cheek,qapamoma,cheek,0.180078693465189,false,
4,10,10,0.95,0.01,4,1,2,purse,purse,cheek,loqi,purse,0.999999999997961,true,
4,10,10,0.95,0.01,5,2,1,game,coast,game,fuwo,coast,0.000120069182545,false,
4,10,10,0.95,0.01,6,1,2,purse,purse,threat,loqi,purse,0.999999798761542,true,
4,10,10,0.95,0.01,7,2,1,meter,shore,meter,falu,shore,5.16337558876144E-18,false,
4,10,10,0.95,0.01,8,1,2,danger,danger,cheek,lipu,danger,1,true,
4,10,10,0.95,0.01,9,2,1,threat,threat,game,lipu,threat,0.999999324212781,true,
4,10,10,0.95,0.01,10,1,2,coast,purse,coast,qapamoma,purse,0.837230811491675,false,
4,10,10,0.95,0.01,11,2,1,vitamin,bag,vitamin,hene,bag,0.000828647951207,false,
4,10,10,0.95,0.01,12,1,2,bag,bag,danger,falu,danger,1.31509919633335E-11,false,
4,10,10,0.95,0.01,13,2,1,danger,danger,meter,lipu,danger,0.989084115706326,true,
4,10,10,0.95,0.01,14,1,2,vitamin,danger,vitamin,hene,vitamin,0.999999995641936,true,
4,10,10,0.95,0.01,15,2,1,meter,bag,meter,loqi,bag,2.35777476785797E-06,false,
4,10,10,0.95,0.01,16,1,2,cheek,threat,cheek,fuwo,threat,0.000767150443545,false,
4,10,10,0.95,0.01,17,2,1,purse,purse,vitamin,loqi,purse,1,true,
4,10,10,0.95,0.01,18,1,2,shore,shore,vitamin,qapamoma,shore,0.999994078721501,true,
4,10,10,0.95,0.01,19,2,1,meter,meter,vitamin,nihatate,meter,1,true,
4,10,10,0.95,0.01,20,1,2,game,meter,game,fuwo,game,1,true,
4,10,10,0.95,0.01,21,2,1,shore,shore,coast,qapamoma,shore,0.999999548284976,true,
4,10,10,0.95,0.01,22,1,2,purse,purse,meter,loqi,purse,1,true,
4,10,10,0.95,0.01,23,2,1,game,game,vitamin,fuwo,game,1,true,
4,10,10,0.95,0.01,24,1,2,threat,threat,meter,lipu,threat,1,true,
4,10,10,0.95,0.01,25,2,1,threat,threat,shore,lipu,threat,1,true,
4,10,10,0.95,0.01,26,1,2,game,purse,game,fuwo,game,1,true,
4,10,10,0.95,0.01,27,2,1,danger,danger,shore,lipu,danger,1,true,
4,10,10,0.95,0.01,28,1,2,danger,purse,danger,lipu,danger,1,true,
4,10,10,0.95,0.01,29,2,1,cheek,coast,cheek,falu,cheek,0.925912469198627,true,
4,10,10,0.95,0.01,30,1,2,coast,danger,coast,hene,coast,0.99999999999908,true,
4,10,10,0.95,0.01,31,2,1,vitamin,coast,vitamin,hene,vitamin,0.989808085980682,true,
4,10,10,0.95,0.01,32,1,2,vitamin,threat,vitamin,hene,vitamin,1,true,
4,10,10,0.95,0.01,33,2,1,bag,bag,cheek,loqi,bag,0.99999999711924,true,
4,10,10,0.95,0.01,34,1,2,danger,danger,game,lipu,danger,1,true,
4,10,10,0.95,0.01,35,2,1,bag,bag,shore,loqi,bag,1,true,
4,10,10,0.95,0.01,36,1,2,shore,shore,game,qapamoma,shore,1,true,
4,10,10,0.95,0.01,37,2,1,cheek,meter,cheek,falu,cheek,0.999933609248537,true,
4,10,10,0.95,0.01,38,1,2,bag,bag,threat,loqi,bag,0.999999999999907,true,
4,10,10,0.95,0.01,39,2,1,purse,purse,bag,lipu,purse,1,true,
4,10,10,0.95,0.01,40,1,2,game,bag,game,fuwo,game,1,true,
4,10,10,0.95,0.01,41,2,1,shore,purse,shore,qapamoma,shore,0.999999995927247,true,
4,10,10,0.95,0.01,42,1,2,threat,danger,threat,lipu,danger,0.005089528393539,false,
4,10,10,0.95,0.01,43,2,1,cheek,vitamin,cheek,falu,cheek,1,true,
4,10,10,0.95,0.01,44,1,2,cheek,game,cheek,falu,cheek,1,true,
4,10,10,0.95,0.01,45,2,1,bag,bag,coast,loqi,bag,0.999999999980687,true,
4,10,10,0.95,0.01,46,1,2,bag,bag,threat,loqi,bag,1,true,
4,10,10,0.95,0.01,47,2,1,game,meter,game,fuwo,game,0.999999999997769,true,
4,10,10,0.95,0.01,48,1,2,bag,bag,game,loqi,bag,1,true,
4,10,10,0.95,0.01,49,2,1,vitamin,bag,vitamin,hene,vitamin,1,true,
4,10,10,0.95,0.01,50,1,2,bag,purse,bag,loqi,bag,0.999999996481514,true,
4,10,10,0.95,0.01,51,2,1,bag,bag,game,loqi,bag,1,true,
4,10,10,0.95,0.01,52,1,2,purse,purse,shore,nihatate,purse,0.999999999989846,true,
4,10,10,0.95,0.01,53,2,1,game,game,cheek,fuwo,game,1,true,
4,10,10,0.95,0.01,54,1,2,danger,bag,danger,lipu,danger,1,true,
4,10,10,0.95,0.01,55,2,1,coast,threat,coast,qapamoma,coast,0.991462534589768,true,
4,10,10,0.95,0.01,56,1,2,threat,threat,shore,nihatate,shore,0.682381439532061,false,
4,10,10,0.95,0.01,57,2,1,shore,shore,coast,qapamoma,shore,0.997137911668865,true,
4,10,10,0.95,0.01,58,1,2,danger,danger,cheek,lipu,danger,1,true,
4,10,10,0.95,0.01,59,2,1,meter,threat,meter,lipu,threat,0.619395693236625,false,
4,10,10,0.95,0.01,60,1,2,cheek,purse,cheek,falu,cheek,0.999999991520777,true,
4,10,10,0.95,0.01,61,2,1,game,game,cheek,fuwo,game,1,true,
4,10,10,0.95,0.01,62,1,2,danger,danger,threat,lipu,threat,0.019317916091467,false,
4,10,10,0.95,0.01,63,2,1,purse,purse,shore,nihatate,purse,0.999987362765218,true,
4,10,10,0.95,0.01,64,1,2,threat,threat,coast,lipu,threat,0.999999999420561,true,
4,10,10,0.95,0.01,65,2,1,shore,bag,shore,qapamoma,shore,1,true,
4,10,10,0.95,0.01,66,1,2,meter,purse,meter,fuwo,meter,0.999999999999979,true,
4,10,10,0.95,0.01,67,2,1,danger,danger,game,lipu,danger,0.999999999943821,true,
4,10,10,0.95,0.01,68,1,2,game,shore,game,fuwo,game,1,true,
4,10,10,0.95,0.01,69,2,1,purse,purse,danger,nihatate,purse,0.99995869469467,true,
4,10,10,0.95,0.01,70,1,2,shore,shore,meter,qapamoma,shore,0.999999894649159,true,
4,10,10,0.95,0.01,71,2,1,vitamin,game,vitamin,hene,vitamin,1,true,
4,10,10,0.95,0.01,72,1,2,meter,meter,game,hene,meter,1,true,
4,10,10,0.95,0.01,73,2,1,coast,coast,vitamin,qapamoma,coast,0.999996951688316,true,
4,10,10,0.95,0.01,74,1,2,coast,coast,game,qapamoma,coast,1,true,
4,10,10,0.95,0.01,75,2,1,shore,shore,game,qapamoma,shore,1,true,
4,10,10,0.95,0.01,76,1,2,bag,bag,shore,nihatate,bag,1,true,
4,10,10,0.95,0.01,77,2,1,vitamin,meter,vitamin,hene,meter,0.001164150348172,false,
4,10,10,0.95,0.01,78,1,2,danger,danger,threat,lipu,danger,0.999971791468321,true,
4,10,10,0.95,0.01,79,2,1,danger,danger,meter,lipu,danger,0.999999999999856,true,
4,10,10,0.95,0.01,80,1,2,shore,shore,cheek,qapamoma,shore,0.999999999999931,true,
4,10,10,0.95,0.01,81,2,1,danger,danger,vitamin,lipu,danger,1,true,
4,10,10,0.95,0.01,82,1,2,meter,danger,meter,hene,meter,1,true,
4,10,10,0.95,0.01,83,2,1,coast,coast,meter,qapamoma,coast,1,true,
4,10,10,0.95,0.01,84,1,2,game,coast,game,fuwo,game,1,true,
4,10,10,0.95,0.01,85,2,1,shore,shore,meter,qapamoma,shore,1,true,
4,10,10,0.95,0.01,86,1,2,game,game,vitamin,fuwo,game,0.9999999999999,true,
4,10,10,0.95,0.01,87,2,1,game,threat,game,fuwo,game,0.999999999900626,true,
4,10,10,0.95,0.01,88,1,2,meter,meter,cheek,hene,meter,0.999999999999958,true,
4,10,10,0.95,0.01,89,2,1,purse,purse,game,nihatate,purse,1,true,
4,10,10,0.95,0.01,90,1,2,vitamin,danger,vitamin,lipu,danger,1.01301856029809E-14,false,
4,10,10,0.95,0.01,91,2,1,purse,purse,coast,nihatate,purse,0.999999999997412,true,
4,10,10,0.95,0.01,92,1,2,purse,purse,game,nihatate,purse,1,true,
4,10,10,0.95,0.01,93,2,1,meter,bag,meter,hene,meter,0.999999999802005,true,
4,10,10,0.95,0.01,94,1,2,shore,shore,vitamin,qapamoma,shore,0.999999953243097,true,
4,10,10,0.95,0.01,95,2,1,danger,danger,cheek,lipu,danger,0.999999999999972,true,
4,10,10,0.95,0.01,96,1,2,cheek,threat,cheek,falu,threat,0.101762616832674,false,
4,10,10,0.95,0.01,97,2,1,bag,bag,danger,nihatate,bag,1,true,
4,10,10,0.95,0.01,98,1,2,bag,bag,vitamin,nihatate,bag,0.99310706194736,true,
4,10,10,0.95,0.01,99,2,1,shore,shore,coast,qapamoma,shore,0.999999992004705,true,
4,10,10,0.95,0.01,100,1,2,purse,purse,bag,nihatate,purse,0.993877993745062,true,
4,10,10,0.95,0.01,101,2,1,vitamin,threat,vitamin,falu,threat,0.010680899100564,false,
4,10,10,0.95,0.01,102,1,2,cheek,meter,cheek,loqi,cheek,1,true,
4,10,10,0.95,0.01,103,2,1,coast,danger,coast,loqi,coast,1,true,
4,10,10,0.95,0.01,104,1,2,meter,bag,meter,hene,meter,0.999999999999699,true,
4,10,10,0.95,0.01,105,2,1,shore,danger,shore,qapamoma,shore,1,true,
4,10,10,0.95,0.01,106,1,2,cheek,shore,cheek,loqi,cheek,1,true,
4,10,10,0.95,0.01,107,2,1,vitamin,coast,vitamin,lipu,coast,5.18417484063825E-05,false,
4,10,10,0.95,0.01,108,1,2,cheek,purse,cheek,loqi,cheek,1,true,
4,10,10,0.95,0.01,109,2,1,coast,coast,cheek,lipu,coast,1,true,
4,10,10,0.95,0.01,110,1,2,cheek,coast,cheek,loqi,cheek,0.9999999999939,true,
4,10,10,0.95,0.01,111,2,1,threat,threat,vitamin,falu,threat,0.555767301975684,true,
4,10,10,0.95,0.01,112,1,2,vitamin,vitamin,cheek,lipu,vitamin,0.999999999999645,true,
4,10,10,0.95,0.01,113,2,1,purse,purse,meter,nihatate,purse,1,true,
4,10,10,0.95,0.01,114,1,2,game,danger,game,fuwo,game,0.967984660815699,true,
4,10,10,0.95,0.01,115,2,1,coast,coast,meter,lipu,coast,1,true,
4,10,10,0.95,0.01,116,1,2,game,threat,game,fuwo,game,1,true,
4,10,10,0.95,0.01,117,2,1,danger,danger,coast,nihatate,coast,0.083740738569658,false,
4,10,10,0.95,0.01,118,1,2,threat,threat,cheek,falu,threat,1,true,
4,10,10,0.95,0.01,119,2,1,cheek,bag,cheek,loqi,cheek,1,true,
4,10,10,0.95,0.01,120,1,2,shore,shore,vitamin,qapamoma,shore,0.999992524852374,true,
5,10,10,0.95,0.01,0,1,2,threat,threat,coast,nihatate,threat,0.310614688620269,true,
5,10,10,0.95,0.01,1,2,1,bag,bag,coast,qapamoma,bag,0.437243892076889,true,
5,10,10,0.95,0.01,2,1,2,coast,coast,meter,loqi,coast,0.46675665394889,true,
5,10,10,0.95,0.01,3,2,1,shore,shore,cheek,loqi,shore,0.995024364160752,true,
5,10,10,0.95,0.01,4,1,2,purse,purse,cheek,qapamoma,purse,0.640798925212022,true,
5,10,10,0.95,0.01,5,2,1,game,coast,game,lipu,game,0.999999999743086,true,
5,10,10,0.95,0.01,6,1,2,purse,purse,threat,qapamoma,purse,0.999999951636377,true,
5,10,10,0.95,0.01,7,2,1,meter,shore,meter,falu,meter,0.658075749689079,true,
5,10,10,0.95,0.01,8,1,2,danger,danger,cheek,nihatate,danger,0.98968820757817,true,
5,10,10,0.95,0.01,9,2,1,threat,threat,game,nihatate,threat,0.999994195372832,true,
5,10,10,0.95,0.01,10,1,2,coast,purse,coast,loqi,coast,0.999999990913384,true,
5,10,10,0.95,0.01,11,2,1,vitamin,bag,vitamin,hene,bag,0.013291776274307,false,
5,10,10,0.95,0.01,12,1,2,bag,bag,danger,qapamoma,bag,0.999999085175616,true,
5,10,10,0.95,0.01,13,2,1,danger,danger,meter,nihatate,danger,0.999999999974802,true,
5,10,10,0.95,0.01,14,1,2,vitamin,danger,vitamin,hene,vitamin,0.999999999999673,true,
5,10,10,0.95,0.01,15,2,1,meter,bag,meter,falu,meter,0.999999999979808,true,
5,10,10,0.95,0.01,16,1,2,cheek,threat,cheek,fuwo,cheek,0.999999647393766,true,
5,10,10,0.95,0.01,17,2,1,purse,purse,vitamin,qapamoma,purse,1,true,
5,10,10,0.95,0.01,18,1,2,shore,shore,vitamin,loqi,shore,0.999999999997174,true,
5,10,10,0.95,0.01,19,2,1,meter,meter,vitamin,falu,meter,1,true,
5,10,10,0.95,0.01,20,1,2,game,meter,game,lipu,game,1,true,
5,10,10,0.95,0.01,21,2,1,shore,shore,coast,loqi,shore,0.972216221370755,true,
5,10,10,0.95,0.01,22,1,2,purse,purse,meter,qapamoma,purse,1,true,
5,10,10,0.95,0.01,23,2,1,game,game,vitamin,lipu,game,1,true,
5,10,10,0.95,0.01,24,1,2,threat,threat,meter,nihatate,threat,1,true,
5,10,10,0.95,0.01,25,2,1,threat,threat,shore,nihatate,threat,1,true,
5,10,10,0.95,0.01,26,1,2,game,purse,game,lipu,game,1,true,
5,10,10,0.95,0.01,27,2,1,danger,danger,shore,loqi,shore,7.71038399429364E-10,false,
5,10,10,0.95,0.01,28,1,2,danger,purse,danger,hene,danger,0.999999999999993,true,
5,10,10,0.95,0.01,29,2,1,cheek,coast,cheek,fuwo,cheek,0.999999999999243,true,
5,10,10,0.95,0.01,30,1,2,coast,danger,coast,loqi,coast,0.998629047741781,true,
5,10,10,0.95,0.01,31,2,1,vitamin,coast,vitamin,hene,vitamin,1,true,
5,10,10,0.95,0.01,32,1,2,vitamin,threat,vitamin,hene,vitamin,1,true,
5,10,10,0.95,0.01,33,2,1,bag,bag,cheek,qapamoma,bag,1,true,
5,10,10,0.95,0.01,34,1,2,danger,danger,game,loqi,danger,1,true,
5,10,10,0.95,0.01,35,2,1,bag,bag,shore,qapamoma,bag,0.999999997522977,true,
5,10,10,0.95,0.01,36,1,2,shore,shore,game,loqi,shore,1,true,
5,10,10,0.95,0.01,37,2,1,cheek,meter,cheek,fuwo,cheek,0.999999999999999,true,
5,10,10,0.95,0.01,38,1,2,bag,bag,threat,qapamoma,bag,0.999999999995052,true,
5,10,10,0.95,0.01,39,2,1,purse,purse,bag,qapamoma,bag,2.41770494657885E-06,false,
5,10,10,0.95,0.01,40,1,2,game,bag,game,lipu,game,1,true,
5,10,10,0.95,0.01,41,2,1,shore,purse,shore,loqi,shore,0.999999999691495,true,
5,10,10,0.95,0.01,42,1,2,threat,danger,threat,nihatate,threat,0.978344082951469,true,
5,10,10,0.95,0.01,43,2,1,cheek,vitamin,cheek,fuwo,cheek,1,true,
5,10,10,0.95,0.01,44,1,2,cheek,game,cheek,fuwo,cheek,1,true,
5,10,10,0.95,0.01,45,2,1,bag,bag,coast,qapamoma,bag,0.999999999992612,true,
5,10,10,0.95,0.01,46,1,2,bag,bag,threat,qapamoma,bag,1,true,
5,10,10,0.95,0.01,47,2,1,game,meter,game,lipu,game,0.999999999998643,true,
5,10,10,0.95,0.01,48,1,2,bag,bag,game,qapamoma,bag,1,true,
5,10,10,0.95,0.01,49,2,1,vitamin,bag,vitamin,hene,vitamin,1,true,
5,10,10,0.95,0.01,50,1,2,bag,purse,bag,qapamoma,bag,0.999999994954645,true,
5,10,10,0.95,0.01,51,2,1,bag,bag,game,qapamoma,bag,1,true,
5,10,10,0.95,0.01,52,1,2,purse,purse,shore,loqi,shore,1.98590490618772E-06,false,
5,10,10,0.95,0.01,53,2,1,game,game,cheek,lipu,game,1,true,
5,10,10,0.95,0.01,54,1,2,danger,bag,danger,falu,danger,1,true,
5,10,10,0.95,0.01,55,2,1,coast,threat,coast,loqi,coast,1,true,
5,10,10,0.95,0.01,56,1,2,threat,threat,shore,nihatate,threat,0.999999634296177,true,
5,10,10,0.95,0.01,57,2,1,shore,shore,coast,loqi,shore,0.999999094447065,true,
5,10,10,0.95,0.01,58,1,2,danger,danger,cheek,falu,danger,1,true,
5,10,10,0.95,0.01,59,2,1,meter,threat,meter,nihatate,threat,5.95525589076512E-11,false,
5,10,10,0.95,0.01,60,1,2,cheek,purse,cheek,fuwo,cheek,0.999999979949283,true,
5,10,10,0.95,0.01,61,2,1,game,game,cheek,lipu,game,1,true,
5,10,10,0.95,0.01,62,1,2,danger,danger,threat,falu,danger,0.999999995391573,true,
5,10,10,0.95,0.01,63,2,1,purse,purse,shore,nihatate,purse,1,true,
5,10,10,0.95,0.01,64,1,2,threat,threat,coast,nihatate,threat,0.999999999944182,true,
5,10,10,0.95,0.01,65,2,1,shore,bag,shore,loqi,shore,1,true,
5,10,10,0.95,0.01,66,1,2,meter,purse,meter,falu,meter,0.687098674234132,true,
5,10,10,0.95,0.01,67,2,1,danger,danger,game,falu,danger,1,true,
5,10,10,0.95,0.01,68,1,2,game,shore,game,lipu,game,1,true,
5,10,10,0.95,0.01,69,2,1,purse,purse,danger,nihatate,purse,1,true,
5,10,10,0.95,0.01,70,1,2,shore,shore,meter,loqi,shore,0.999999997953589,true,
5,10,10,0.95,0.01,71,2,1,vitamin,game,vitamin,hene,vitamin,1,true,
5,10,10,0.95,0.01,72,1,2,meter,meter,game,fuwo,meter,1,true,
5,10,10,0.95,0.01,73,2,1,coast,coast,vitamin,loqi,coast,1,true,
5,10,10,0.95,0.01,74,1,2,coast,coast,game,loqi,coast,1,true,
5,10,10,0.95,0.01,75,2,1,shore,shore,game,loqi,shore,1,true,
5,10,10,0.95,0.01,76,1,2,bag,bag,shore,nihatate,bag,1,true,
5,10,10,0.95,0.01,77,2,1,vitamin,meter,vitamin,hene,vitamin,0.999999999999771,true,
5,10,10,0.95,0.01,78,1,2,danger,danger,threat,falu,danger,0.999998719417032,true,
5,10,10,0.95,0.01,79,2,1,danger,danger,meter,falu,danger,1,true,
5,10,10,0.95,0.01,80,1,2,shore,shore,cheek,loqi,shore,0.999999999999928,true,
5,10,10,0.95,0.01,81,2,1,danger,danger,vitamin,falu,danger,1,true,
5,10,10,0.95,0.01,82,1,2,meter,danger,meter,fuwo,meter,1,true,
5,10,10,0.95,0.01,83,2,1,coast,coast,meter,loqi,coast,1,true,
5,10,10,0.95,0.01,84,1,2,game,coast,game,lipu,game,1,true,
5,10,10,0.95,0.01,85,2,1,shore,shore,meter,loqi,shore,1,true,
5,10,10,0.95,0.01,86,1,2,game,game,vitamin,lipu,game,1,true,
5,10,10,0.95,0.01,87,2,1,game,threat,game,lipu,game,0.999999999776081,true,
5,10,10,0.95,0.01,88,1,2,meter,meter,cheek,fuwo,meter,0.999802842252151,true,
5,10,10,0.95,0.01,89,2,1,purse,purse,game,nihatate,purse,1,true,
5,10,10,0.95,0.01,90,1,2,vitamin,danger,vitamin,hene,vitamin,1,true,
5,10,10,0.95,0.01,91,2,1,purse,purse,coast,nihatate,purse,0.999999864940893,true,
5,10,10,0.95,0.01,92,1,2,purse,purse,game,nihatate,purse,1,true,
5,10,10,0.95,0.01,93,2,1,meter,bag,meter,fuwo,meter,0.999999999872391,true,
5,10,10,0.95,0.01,94,1,2,shore,shore,vitamin,loqi,shore,1,true,
5,10,10,0.95,0.01,95,2,1,danger,danger,cheek,falu,danger,0.999999999892486,true,
5,10,10,0.95,0.01,96,1,2,cheek,threat,cheek,qapamoma,threat,0.75817315302751,false,
5,10,10,0.95,0.01,97,2,1,bag,bag,danger,nihatate,bag,1,true,
5,10,10,0.95,0.01,98,1,2,bag,bag,vitamin,nihatate,bag,1,true,
5,10,10,0.95,0.01,99,2,1,shore,shore,coast,loqi,shore,0.999999972210742,true,
5,10,10,0.95,0.01,100,1,2,purse,purse,bag,nihatate,purse,0.972620824735273,true,
5,10,10,0.95,0.01,101,2,1,vitamin,threat,vitamin,hene,vitamin,1,true,
5,10,10,0.95,0.01,102,1,2,cheek,meter,cheek,qapamoma,cheek,1,true,
5,10,10,0.95,0.01,103,2,1,coast,danger,coast,loqi,coast,0.999999999845237,true,
5,10,10,0.95,0.01,104,1,2,meter,bag,meter,fuwo,meter,0.999999999999993,true,
5,10,10,0.95,0.01,105,2,1,shore,danger,shore,loqi,shore,0.999999999999523,true,
5,10,10,0.95,0.01,106,1,2,cheek,shore,cheek,qapamoma,cheek,1,true,
5,10,10,0.95,0.01,107,2,1,vitamin,coast,vitamin,hene,vitamin,0.999999999657723,true,
5,10,10,0.95,0.01,108,1,2,cheek,purse,cheek,qapamoma,cheek,1,true,
5,10,10,0.95,0.01,109,2,1,coast,coast,cheek,loqi,coast,1,true,
5,10,10,0.95,0.01,110,1,2,cheek,coast,cheek,qapamoma,cheek,1,true,
5,10,10,0.95,0.01,111,2,1,threat,threat,vitamin,falu,threat,1,true,
5,10,10,0.95,0.01,112,1,2,vitamin,vitamin,cheek,hene,vitamin,1,true,
5,10,10,0.95,0.01,113,2,1,purse,purse,meter,nihatate,purse,1,true,
5,10,10,0.95,0.01,114,1,2,game,danger,game,lipu,game,0.999910490773627,true,
5,10,10,0.95,0.01,115,2,1,coast,coast,meter,loqi,coast,1,true,
5,10,10,0.95,0.01,116,1,2,game,threat,game,lipu,game,1,true,
5,10,10,0.95,0.01,117,2,1,danger,danger,coast,falu,danger,0.999999999991566,true,
5,10,10,0.95,0.01,118,1,2,threat,threat,cheek,falu,threat,1,true,
5,10,10,0.95,0.01,119,2,1,cheek,bag,cheek,qapamoma,cheek,1,true,
5,10,10,0.95,0.01,120,1,2,shore,shore,vitamin,loqi,shore,1,true,
6,10,10,0.95,0.01,0,1,2,threat,threat,coast,nihatate,threat,0.91958437701357,true,
6,10,10,0.95,0.01,1,2,1,bag,bag,coast,loqi,coast,0.500758384985395,false,
6,10,10,0.95,0.01,2,1,2,coast,coast,meter,lipu,meter,3.00088833946884E-12,false,
6,10,10,0.95,0.01,3,2,1,shore,shore,cheek,lipu,shore,0.921708589931938,true,
6,10,10,0.95,0.01,4,1,2,purse,purse,cheek,loqi,cheek,0.14128545544961,false,
6,10,10,0.95,0.01,5,2,1,game,coast,game,fuwo,coast,4.83844866544676E-05,false,
6,10,10,0.95,0.01,6,1,2,purse,purse,threat,hene,purse,0.982791914728051,true,
6,10,10,0.95,0.01,7,2,1,meter,shore,meter,hene,shore,5.12102978630495E-20,false,
6,10,10,0.95,0.01,8,1,2,danger,danger,cheek,falu,danger,0.575975024422503,true,
6,10,10,0.95,0.01,9,2,1,threat,threat,game,falu,game,1.23368125540242E-05,false,
6,10,10,0.95,0.01,10,1,2,coast,purse,coast,lipu,purse,4.6406706252652E-05,false,
6,10,10,0.95,0.01,11,2,1,vitamin,bag,vitamin,hene,bag,8.82651012525215E-06,false,
6,10,10,0.95,0.01,12,1,2,bag,bag,danger,loqi,danger,8.22971475051217E-12,false,
6,10,10,0.95,0.01,13,2,1,danger,danger,meter,falu,danger,0.999999996060177,true,
6,10,10,0.95,0.01,14,1,2,vitamin,danger,vitamin,hene,vitamin,0.999997170529911,true,
6,10,10,0.95,0.01,15,2,1,meter,bag,meter,qapamoma,meter,0.93801408207401,true,
6,10,10,0.95,0.01,16,1,2,cheek,threat,cheek,loqi,threat,0.021544115113196,false,
6,10,10,0.95,0.01,17,2,1,purse,purse,vitamin,loqi,purse,0.999999998836273,true,
6,10,10,0.95,0.01,18,1,2,shore,shore,vitamin,lipu,shore,0.999939615890474,true,
6,10,10,0.95,0.01,19,2,1,meter,meter,vitamin,qapamoma,meter,1,true,
6,10,10,0.95,0.01,20,1,2,game,meter,game,fuwo,game,0.999999999503757,true,
6,10,10,0.95,0.01,21,2,1,shore,shore,coast,lipu,shore,0.999999999449018,true,
6,10,10,0.95,0.01,22,1,2,purse,purse,meter,loqi,purse,1,true,
6,10,10,0.95,0.01,23,2,1,game,game,vitamin,fuwo,game,1,true,
6,10,10,0.95,0.01,24,1,2,threat,threat,meter,falu,threat,1,true,
6,10,10,0.95,0.01,25,2,1,threat,threat,shore,falu,threat,1,true,
6,10,10,0.95,0.01,26,1,2,game,purse,game,fuwo,game,1,true,
6,10,10,0.95,0.01,27,2,1,danger,danger,shore,falu,danger,1,true,
6,10,10,0.95,0.01,28,1,2,danger,purse,danger,falu,danger,1,true,
6,10,10,0.95,0.01,29,2,1,cheek,coast,cheek,loqi,coast,0.037539484125255,false,
6,10,10,0.95,0.01,30,1,2,coast,danger,coast,lipu,coast,1,true,
6,10,10,0.95,0.01,31,2,1,vitamin,coast,vitamin,hene,vitamin,1,true,
6,10,10,0.95,0.01,32,1,2,vitamin,threat,vitamin,hene,vitamin,0.999999999960504,true,
6,10,10,0.95,0.01,33,2,1,bag,bag,cheek,loqi,cheek,0.00161066404309,false,
6,10,10,0.95,0.01,34,1,2,danger,danger,game,falu,danger,1,true,
6,10,10,0.95,0.01,35,2,1,bag,bag,shore,loqi,bag,0.999999999988734,true,
6,10,10,0.95,0.01,36,1,2,shore,shore,game,lipu,shore,1,true,
6,10,10,0.95,0.01,37,2,1,cheek,meter,cheek,loqi,cheek,0.999999999998863,true,
6,10,10,0.95,0.01,38,1,2,bag,bag,threat,loqi,bag,0.999962243625662,true,
6,10,10,0.95,0.01,39,2,1,purse,purse,bag,fuwo,purse,1,true,
6,10,10,0.95,0.01,40,1,2,game,bag,game,fuwo,game,0.999999966226027,true,
6,10,10,0.95,0.01,41,2,1,shore,purse,shore,lipu,shore,0.99999955191032,true,
6,10,10,0.95,0.01,42,1,2,threat,danger,threat,falu,danger,0.017587013770472,false,
6,10,10,0.95,0.01,43,2,1,cheek,vitamin,cheek,loqi,cheek,1,true,
6,10,10,0.95,0.01,44,1,2,cheek,game,cheek,loqi,cheek,1,true,
6,10,10,0.95,0.01,45,2,1,bag,bag,coast,hene,bag,0.999998972842304,true,
6,10,10,0.95,0.01,46,1,2,bag,bag,threat,fuwo,bag,0.999999999999986,true,
6,10,10,0.95,0.01,47,2,1,game,meter,game,fuwo,game,0.999999999999989,true,
6,10,10,0.95,0.01,48,1,2,bag,bag,game,loqi,bag,1,true,
6,10,10,0.95,0.01,49,2,1,vitamin,bag,vitamin,hene,vitamin,0.999997994236466,true,
6,10,10,0.95,0.01,50,1,2,bag,purse,bag,loqi,bag,0.695456716513626,true,
6,10,10,0.95,0.01,51,2,1,bag,bag,game,fuwo,game,8.50157796330695E-19,false,
6,10,10,0.95,0.01,52,1,2,purse,purse,shore,lipu,shore,1.355728064317E-06,false,
6,10,10,0.95,0.01,53,2,1,game,game,cheek,fuwo,game,0.999999999999998,true,
6,10,10,0.95,0.01,54,1,2,danger,bag,danger,falu,bag,0.324452065982768,false,
6,10,10,0.95,0.01,55,2,1,coast,threat,coast,lipu,coast,0.999778036487039,true,
6,10,10,0.95,0.01,56,1,2,threat,threat,shore,qapamoma,shore,0.348646623154316,false,
6,10,10,0.95,0.01,57,2,1,shore,shore,coast,lipu,shore,0.999987456150611,true,
6,10,10,0.95,0.01,58,1,2,danger,danger,cheek,falu,danger,1,true,
6,10,10,0.95,0.01,59,2,1,meter,threat,meter,nihatate,threat,0.212918135628787,false,
6,10,10,0.95,0.01,60,1,2,cheek,purse,cheek,loqi,cheek,0.999999978607874,true,
6,10,10,0.95,0.01,61,2,1,game,game,cheek,fuwo,game,1,true,
6,10,10,0.95,0.01,62,1,2,danger,danger,threat,falu,danger,0.991957537500156,true,
6,10,10,0.95,0.01,63,2,1,purse,purse,shore,hene,purse,1,true,
6,10,10,0.95,0.01,64,1,2,threat,threat,coast,nihatate,threat,0.999999924312,true,
6,10,10,0.95,0.01,65,2,1,shore,bag,shore,lipu,shore,0.999999996729184,true,
6,10,10,0.95,0.01,66,1,2,meter,purse,meter,nihatate,purse,0.619308419934769,false,
6,10,10,0.95,0.01,67,2,1,danger,danger,game,falu,danger,1,true,
6,10,10,0.95,0.01,68,1,2,game,shore,game,fuwo,game,1,true,
6,10,10,0.95,0.01,69,2,1,purse,purse,danger,hene,purse,1,true,
6,10,10,0.95,0.01,70,1,2,shore,shore,meter,lipu,shore,0.999999999999909,true,
6,10,10,0.95,0.01,71,2,1,vitamin,game,vitamin,qapamoma,vitamin,1,true,
6,10,10,0.95,0.01,72,1,2,meter,meter,game,nihatate,meter,1,true,
6,10,10,0.95,0.01,73,2,1,coast,coast,vitamin,lipu,coast,0.999900468827956,true,
6,10,10,0.95,0.01,74,1,2,coast,coast,game,lipu,coast,1,true,
6,10,10,0.95,0.01,75,2,1,shore,shore,game,lipu,shore,1,true,
6,10,10,0.95,0.01,76,1,2,bag,bag,shore,hene,bag,1,true,
6,10,10,0.95,0.01,77,2,1,vitamin,meter,vitamin,qapamoma,vitamin,1,true,
6,10,10,0.95,0.01,78,1,2,danger,danger,threat,falu,danger,0.999996569386626,true,
6,10,10,0.95,0.01,79,2,1,danger,danger,meter,falu,danger,1,true,
6,10,10,0.95,0.01,80,1,2,shore,shore,cheek,lipu,shore,0.999999999999584,true,
6,10,10,0.95,0.01,81,2,1,danger,danger,vitamin,falu,danger,1,true,
6,10,10,0.95,0.01,82,1,2,meter,danger,meter,nihatate,meter,1,true,
6,10,10,0.95,0.01,83,2,1,coast,coast,meter,lipu,coast,1,true,
6,10,10,0.95,0.01,84,1,2,game,coast,game,fuwo,game,1,true,
6,10,10,0.95,0.01,85,2,1,shore,shore,meter,lipu,shore,1,true,
6,10,10,0.95,0.01,86,1,2,game,game,vitamin,fuwo,game,1,true,
6,10,10,0.95,0.01,87,2,1,game,threat,game,fuwo,game,0.999999998971727,true,
6,10,10,0.95,0.01,88,1,2,meter,meter,cheek,nihatate,meter,0.999999999900942,true,
6,10,10,0.95,0.01,89,2,1,purse,purse,game,hene,purse,1,true,
6,10,10,0.95,0.01,90,1,2,vitamin,danger,vitamin,qapamoma,vitamin,1,true,
6,10,10,0.95,0.01,91,2,1,purse,purse,coast,hene,purse,0.999983632816064,true,
6,10,10,0.95,0.01,92,1,2,purse,purse,game,hene,purse,1,true,
6,10,10,0.95,0.01,93,2,1,meter,bag,meter,nihatate,meter,0.999999999916176,true,
6,10,10,0.95,0.01,94,1,2,shore,shore,vitamin,lipu,shore,1,true,
6,10,10,0.95,0.01,95,2,1,danger,danger,cheek,falu,danger,0.999999999118441,true,
6,10,10,0.95,0.01,96,1,2,cheek,threat,cheek,loqi,cheek,0.821755091579588,true,
6,10,10,0.95,0.01,97,2,1,bag,bag,danger,qapamoma,bag,1,true,
6,10,10,0.95,0.01,98,1,2,bag,bag,vitamin,lipu,bag,0.999999988154467,true,
6,10,10,0.95,0.01,99,2,1,shore,shore,coast,lipu,shore,0.99999994487876,true,
6,10,10,0.95,0.01,100,1,2,purse,purse,bag,hene,purse,0.999999977164058,true,
6,10,10,0.95,0.01,101,2,1,vitamin,threat,vitamin,qapamoma,vitamin,0.999999999943783,true,
6,10,10,0.95,0.01,102,1,2,cheek,meter,cheek,loqi,cheek,1,true,
6,10,10,0.95,0.01,103,2,1,coast,danger,coast,hene,coast,0.999999915135138,true,
6,10,10,0.95,0.01,104,1,2,meter,bag,meter,nihatate,meter,0.999999993687564,true,
6,10,10,0.95,0.01,105,2,1,shore,danger,shore,lipu,shore,0.999999999999508,true,
6,10,10,0.95,0.01,106,1,2,cheek,shore,cheek,loqi,cheek,1,true,
6,10,10,0.95,0.01,107,2,1,vitamin,coast,vitamin,qapamoma,vitamin,0.999999904531533,true,
6,10,10,0.95,0.01,108,1,2,cheek,purse,cheek,loqi,cheek,1,true,
6,10,10,0.95,0.01,109,2,1,coast,coast,cheek,hene,coast,1,true,
6,10,10,0.95,0.01,110,1,2,cheek,coast,cheek,loqi,cheek,1,true,
6,10,10,0.95,0.01,111,2,1,threat,threat,vitamin,falu,threat,1,true,
6,10,10,0.95,0.01,112,1,2,vitamin,vitamin,cheek,qapamoma,vitamin,1,true,
6,10,10,0.95,0.01,113,2,1,purse,purse,meter,hene,purse,1,true,
6,10,10,0.95,0.01,114,1,2,game,danger,game,fuwo,game,0.999839262851861,true,
6,10,10,0.95,0.01,115,2,1,coast,coast,meter,hene,coast,1,true,
6,10,10,0.95,0.01,116,1,2,game,threat,game,fuwo,game,1,true,
6,10,10,0.95,0.01,117,2,1,danger,danger,coast,falu,danger,0.999993766356357,true,
6,10,10,0.95,0.01,118,1,2,threat,threat,cheek,falu,threat,1,true,
6,10,10,0.95,0.01,119,2,1,cheek,bag,cheek,loqi,cheek,0.999999999951473,true,
6,10,10,0.95,0.01,120,1,2,shore,shore,vitamin,lipu,shore,1,true,
7,10,10,0.95,0.01,0,1,2,threat,threat,coast,qapamoma,coast,0.168686039640657,false,
7,10,10,0.95,0.01,1,2,1,bag,bag,coast,hene,bag,0.999999999987566,true,
7,10,10,0.95,0.01,2,1,2,coast,coast,meter,qapamoma,coast,0.777501056447022,true,
7,10,10,0.95,0.01,3,2,1,shore,shore,cheek,falu,shore,0.830660414933651,true,
7,10,10,0.95,0.01,4,1,2,purse,purse,cheek,hene,purse,0.864393210973092,true,
7,10,10,0.95,0.01,5,2,1,game,coast,game,loqi,game,1,true,
7,10,10,0.95,0.01,6,1,2,purse,purse,threat,hene,purse,0.999997248220732,true,
7,10,10,0.95,0.01,7,2,1,meter,shore,meter,fuwo,shore,0.927536363674713,false,
7,10,10,0.95,0.01,8,1,2,danger,danger,cheek,lipu,danger,0.928068592283126,true,
7,10,10,0.95,0.01,9,2,1,threat,threat,game,nihatate,threat,0.999989451835763,true,
7,10,10,0.95,0.01,10,1,2,coast,purse,coast,qapamoma,coast,0.999999999993921,true,
7,10,10,0.95,0.01,11,2,1,vitamin,bag,vitamin,lipu,bag,2.9578378143493E-05,false,
7,10,10,0.95,0.01,12,1,2,bag,bag,danger,qapamoma,danger,4.11553275580314E-19,false,
7,10,10,0.95,0.01,13,2,1,danger,danger,meter,lipu,danger,0.999999997990308,true,
7,10,10,0.95,0.01,14,1,2,vitamin,danger,vitamin,lipu,danger,5.38798937516855E-12,false,
7,10,10,0.95,0.01,15,2,1,meter,bag,meter,nihatate,bag,3.79352248317138E-07,false,
7,10,10,0.95,0.01,16,1,2,cheek,threat,cheek,loqi,threat,0.199535198167808,false,
7,10,10,0.95,0.01,17,2,1,purse,purse,vitamin,hene,purse,0.999999480735705,true,
7,10,10,0.95,0.01,18,1,2,shore,shore,vitamin,falu,vitamin,0.041323998473505,false,
7,10,10,0.95,0.01,19,2,1,meter,meter,vitamin,fuwo,meter,0.999999999955229,true,
7,10,10,0.95,0.01,20,1,2,game,meter,game,loqi,game,1,true,
7,10,10,0.95,0.01,21,2,1,shore,shore,coast,falu,shore,1,true,
7,10,10,0.95,0.01,22,1,2,purse,purse,meter,hene,purse,1,true,
7,10,10,0.95,0.01,23,2,1,game,game,vitamin,loqi,game,1,true,
7,10,10,0.95,0.01,24,1,2,threat,threat,meter,nihatate,threat,1,true,
7,10,10,0.95,0.01,25,2,1,threat,threat,shore,nihatate,threat,0.99999999991792,true,
7,10,10,0.95,0.01,26,1,2,game,purse,game,loqi,game,1,true,
7,10,10,0.95,0.01,27,2,1,danger,danger,shore,lipu,danger,0.999999999651438,true,
7,10,10,0.95,0.01,28,1,2,danger,purse,danger,lipu,danger,1,true,
7,10,10,0.95,0.01,29,2,1,cheek,coast,cheek,hene,cheek,0.986180605450219,true,
7,10,10,0.95,0.01,30,1,2,coast,danger,coast,qapamoma,coast,1,true,
7,10,10,0.95,0.01,31,2,1,vitamin,coast,vitamin,lipu,vitamin,1,true,
7,10,10,0.95,0.01,32,1,2,vitamin,threat,vitamin,qapamoma,vitamin,0.980083831164386,true,
7,10,10,0.95,0.01,33,2,1,bag,bag,cheek,falu,cheek,0.421579681306882,false,
7,10,10,0.95,0.01,34,1,2,danger,danger,game,lipu,danger,1,true,
7,10,10,0.95,0.01,35,2,1,bag,bag,shore,qapamoma,shore,0.048180271933175,false,
7,10,10,0.95,0.01,36,1,2,shore,shore,game,falu,shore,0.999999999998366,true,
7,10,10,0.95,0.01,37,2,1,cheek,meter,cheek,hene,cheek,0.999989177125914,true,
7,10,10,0.95,0.01,38,1,2,bag,bag,threat,lipu,threat,0.014601459391574,false,
7,10,10,0.95,0.01,39,2,1,purse,purse,bag,lipu,bag,0.144482220021935,false,
7,10,10,0.95,0.01,40,1,2,game,bag,game,loqi,game,1,true,
7,10,10,0.95,0.01,41,2,1,shore,purse,shore,falu,shore,0.999999543628967,true,
7,10,10,0.95,0.01,42,1,2,threat,danger,threat,nihatate,threat,0.990903906049031,true,
7,10,10,0.95,0.01,43,2,1,cheek,vitamin,cheek,hene,cheek,0.99999999986418,true,
7,10,10,0.95,0.01,44,1,2,cheek,game,cheek,hene,cheek,1,true,
7,10,10,0.95,0.01,45,2,1,bag,bag,coast,lipu,bag,0.999999365704208,true,
7,10,10,0.95,0.01,46,1,2,bag,bag,threat,lipu,bag,1,true,
7,10,10,0.95,0.01,47,2,1,game,meter,game,loqi,game,0.999999999999987,true,
7,10,10,0.95,0.01,48,1,2,bag,bag,game,nihatate,game,0.229363319105526,false,
7,10,10,0.95,0.01,49,2,1,vitamin,bag,vitamin,qapamoma,vitamin,0.967583733400824,true,
7,10,10,0.95,0.01,50,1,2,bag,purse,bag,lipu,bag,0.999998661190946,true,
7,10,10,0.95,0.01,51,2,1,bag,bag,game,lipu,bag,1,true,
7,10,10,0.95,0.01,52,1,2,purse,purse,shore,nihatate,purse,0.999999999999979,true,
7,10,10,0.95,0.01,53,2,1,game,game,cheek,loqi,game,1,true,
7,10,10,0.95,0.01,54,1,2,danger,bag,danger,fuwo,danger,1,true,
7,10,10,0.95,0.01,55,2,1,coast,threat,coast,falu,coast,0.999999999997442,true,
7,10,10,0.95,0.01,56,1,2,threat,threat,shore,nihatate,threat,0.999999835540016,true,
7,10,10,0.95,0.01,57,2,1,shore,shore,coast,falu,shore,0.931538572102632,true,
7,10,10,0.95,0.01,58,1,2,danger,danger,cheek,fuwo,danger,1,true,
7,10,10,0.95,0.01,59,2,1,meter,threat,meter,fuwo,meter,1,true,
7,10,10,0.95,0.01,60,1,2,cheek,purse,cheek,hene,cheek,0.999999998628399,true,
7,10,10,0.95,0.01,61,2,1,game,game,cheek,loqi,game,1,true,
7,10,10,0.95,0.01,62,1,2,danger,danger,threat,fuwo,danger,0.737828089325749,true,
7,10,10,0.95,0.01,63,2,1,purse,purse,shore,nihatate,purse,0.999999997410541,true,
7,10,10,0.95,0.01,64,1,2,threat,threat,coast,nihatate,threat,0.999999302650051,true,
7,10,10,0.95,0.01,65,2,1,shore,bag,shore,falu,shore,1,true,
7,10,10,0.95,0.01,66,1,2,meter,purse,meter,lipu,purse,1.36275523918336E-11,false,
7,10,10,0.95,0.01,67,2,1,danger,danger,game,fuwo,danger,1,true,
7,10,10,0.95,0.01,68,1,2,game,shore,game,loqi,game,1,true,
7,10,10,0.95,0.01,69,2,1,purse,purse,danger,nihatate,purse,1,true,
7,10,10,0.95,0.01,70,1,2,shore,shore,meter,falu,shore,1,true,
7,10,10,0.95,0.01,71,2,1,vitamin,game,vitamin,qapamoma,vitamin,1,true,
7,10,10,0.95,0.01,72,1,2,meter,meter,game,falu,meter,0.999999999999979,true,
7,10,10,0.95,0.01,73,2,1,coast,coast,vitamin,falu,coast,0.999999999999975,true,
7,10,10,0.95,0.01,74,1,2,coast,coast,game,falu,coast,1,true,
7,10,10,0.95,0.01,75,2,1,shore,shore,game,falu,shore,1,true,
7,10,10,0.95,0.01,76,1,2,bag,bag,shore,nihatate,bag,1,true,
7,10,10,0.95,0.01,77,2,1,vitamin,meter,vitamin,qapamoma,vitamin,0.999647457143228,true,
7,10,10,0.95,0.01,78,1,2,danger,danger,threat,fuwo,danger,0.999999293378402,true,
7,10,10,0.95,0.01,79,2,1,danger,danger,meter,fuwo,danger,0.999999999382702,true,
7,10,10,0.95,0.01,80,1,2,shore,shore,cheek,falu,shore,0.999999999999962,true,
7,10,10,0.95,0.01,81,2,1,danger,danger,vitamin,fuwo,danger,1,true,
7,10,10,0.95,0.01,82,1,2,meter,danger,meter,fuwo,danger,3.88320762726591E-09,false,
7,10,10,0.95,0.01,83,2,1,coast,coast,meter,falu,coast,0.982363757714364,true,
7,10,10,0.95,0.01,84,1,2,game,coast,game,loqi,game,1,true,
7,10,10,0.95,0.01,85,2,1,shore,shore,meter,falu,shore,0.999999999999857,true,
7,10,10,0.95,0.01,86,1,2,game,game,vitamin,loqi,game,1,true,
7,10,10,0.95,0.01,87,2,1,game,threat,game,loqi,game,0.999999990562252,true,
7,10,10,0.95,0.01,88,1,2,meter,meter,cheek,lipu,meter,0.989953677265475,true,
7,10,10,0.95,0.01,89,2,1,purse,purse,game,nihatate,purse,1,true,
7,10,10,0.95,0.01,90,1,2,vitamin,danger,vitamin,qapamoma,vitamin,1,true,
7,10,10,0.95,0.01,91,2,1,purse,purse,coast,nihatate,purse,0.999999783373938,true,
7,10,10,0.95,0.01,92,1,2,purse,purse,game,nihatate,purse,1,true,
7,10,10,0.95,0.01,93,2,1,meter,bag,meter,fuwo,bag,6.58021395217706E-21,false,
7,10,10,0.95,0.01,94,1,2,shore,shore,vitamin,falu,shore,1,true,
7,10,10,0.95,0.01,95,2,1,danger,danger,cheek,fuwo,danger,0.999999999951619,true,
7,10,10,0.95,0.01,96,1,2,cheek,threat,cheek,hene,threat,0.063791463060069,false,
7,10,10,0.95,0.01,97,2,1,bag,bag,danger,loqi,bag,1,true,
7,10,10,0.95,0.01,98,1,2,bag,bag,vitamin,lipu,bag,0.999999999999996,true,
7,10,10,0.95,0.01,99,2,1,shore,shore,coast,falu,shore,0.999999969988305,true,
7,10,10,0.95,0.01,100,1,2,purse,purse,bag,nihatate,purse,0.99999989802206,true,
7,10,10,0.95,0.01,101,2,1,vitamin,threat,vitamin,qapamoma,vitamin,0.999999999999999,true,
7,10,10,0.95,0.01,102,1,2,cheek,meter,cheek,lipu,meter,7.70860084371428E-10,false,
7,10,10,0.95,0.01,103,2,1,coast,danger,coast,nihatate,coast,0.999983465981456,true,
7,10,10,0.95,0.01,104,1,2,meter,bag,meter,lipu,meter,0.596573815749189,true,
7,10,10,0.95,0.01,105,2,1,shore,danger,shore,falu,shore,0.999999999997017,true,
7,10,10,0.95,0.01,106,1,2,cheek,shore,cheek,qapamoma,cheek,1,true,
7,10,10,0.95,0.01,107,2,1,vitamin,coast,vitamin,qapamoma,vitamin,0.871878777374412,true,
7,10,10,0.95,0.01,108,1,2,cheek,purse,cheek,qapamoma,cheek,1,true,
7,10,10,0.95,0.01,109,2,1,coast,coast,cheek,nihatate,coast,1,true,
7,10,10,0.95,0.01,110,1,2,cheek,coast,cheek,qapamoma,cheek,1,true,
7,10,10,0.95,0.01,111,2,1,threat,threat,vitamin,fuwo,vitamin,1.00261583191994E-09,false,
7,10,10,0.95,0.01,112,1,2,vitamin,vitamin,cheek,lipu,cheek,3.04310642469546E-22,false,
7,10,10,0.95,0.01,113,2,1,purse,purse,meter,nihatate,purse,1,true,
7,10,10,0.95,0.01,114,1,2,game,danger,game,hene,danger,0.821542463141435,false,
7,10,10,0.95,0.01,115,2,1,coast,coast,meter,nihatate,coast,0.999999999999982,true,
7,10,10,0.95,0.01,116,1,2,game,threat,game,loqi,threat,1.60590740643741E-08,false,
7,10,10,0.95,0.01,117,2,1,danger,danger,coast,hene,danger,0.99999997501217,true,
7,10,10,0.95,0.01,118,1,2,threat,threat,cheek,hene,cheek,0.000374835168171,false,
7,10,10,0.95,0.01,119,2,1,cheek,bag,cheek,hene,bag,0.056676877720249,false,
7,10,10,0.95,0.01,120,1,2,shore,shore,vitamin,nihatate,shore,0.999999313898194,true,
8,10,10,0.95,0.01,0,1,2,threat,threat,coast,nihatate,threat,0.349524750207105,true,
8,10,10,0.95,0.01,1,2,1,bag,bag,coast,loqi,coast,0.397893925426078,false,
8,10,10,0.95,0.01,2,1,2,coast,coast,meter,loqi,coast,0.999999999999991,true,
8,10,10,0.95,0.01,3,2,1,shore,shore,cheek,qapamoma,cheek,0.255241241204079,false,
8,10,10,0.95,0.01,4,1,2,purse,purse,cheek,loqi,purse,0.999999999999979,true,
8,10,10,0.95,0.01,5,2,1,game,coast,game,fuwo,coast,0.034397079994319,false,
8,10,10,0.95,0.01,6,1,2,purse,purse,threat,loqi,purse,0.999999523916258,true,
8,10,10,0.95,0.01,7,2,1,meter,shore,meter,falu,meter,0.681682406670725,true,
8,10,10,0.95,0.01,8,1,2,danger,danger,cheek,hene,danger,1,true,
8,10,10,0.95,0.01,9,2,1,threat,threat,game,nihatate,threat,0.999999999986747,true,
8,10,10,0.95,0.01,10,1,2,coast,purse,coast,qapamoma,purse,3.15557615697314E-18,false,
8,10,10,0.95,0.01,11,2,1,vitamin,bag,vitamin,fuwo,bag,0.00025304257531,false,
8,10,10,0.95,0.01,12,1,2,bag,bag,danger,loqi,danger,0.001931243308652,false,
8,10,10,0.95,0.01,13,2,1,danger,danger,meter,hene,danger,0.999999999999963,true,
8,10,10,0.95,0.01,14,1,2,vitamin,danger,vitamin,fuwo,vitamin,1,true,
8,10,10,0.95,0.01,15,2,1,meter,bag,meter,falu,meter,0.999979316229349,true,
8,10,10,0.95,0.01,16,1,2,cheek,threat,cheek,lipu,threat,0.002174621383487,false,
8,10,10,0.95,0.01,17,2,1,purse,purse,vitamin,loqi,purse,1,true,
8,10,10,0.95,0.01,18,1,2,shore,shore,vitamin,qapamoma,shore,0.99999983793749,true,
8,10,10,0.95,0.01,19,2,1,meter,meter,vitamin,falu,meter,1,true,
8,10,10,0.95,0.01,20,1,2,game,meter,game,fuwo,game,1,true,
8,10,10,0.95,0.01,21,2,1,shore,shore,coast,qapamoma,shore,0.999999991083794,true,
8,10,10,0.95,0.01,22,1,2,purse,purse,meter,loqi,purse,1,true,
8,10,10,0.95,0.01,23,2,1,game,game,vitamin,fuwo,game,0.999609512711041,true,
8,10,10,0.95,0.01,24,1,2,threat,threat,meter,nihatate,threat,1,true,
8,10,10,0.95,0.01,25,2,1,threat,threat,shore,nihatate,threat,1,true,
8,10,10,0.95,0.01,26,1,2,game,purse,game,fuwo,game,1,true,
8,10,10,0.95,0.01,27,2,1,danger,danger,shore,hene,danger,1,true,
8,10,10,0.95,0.01,28,1,2,danger,purse,danger,hene,danger,1,true,
8,10,10,0.95,0.01,29,2,1,cheek,coast,cheek,lipu,cheek,0.800404703929635,true,
8,10,10,0.95,0.01,30,1,2,coast,danger,coast,qapamoma,coast,1,true,
8,10,10,0.95,0.01,31,2,1,vitamin,coast,vitamin,qapamoma,coast,2.7141534409144E-06,false,
8,10,10,0.95,0.01,32,1,2,vitamin,threat,vitamin,qapamoma,vitamin,0.999999999999996,true,
8,10,10,0.95,0.01,33,2,1,bag,bag,cheek,loqi,bag,0.999999765182049,true,
8,10,10,0.95,0.01,34,1,2,danger,danger,game,hene,danger,1,true,
8,10,10,0.95,0.01,35,2,1,bag,bag,shore,loqi,bag,0.999998619127973,true,
8,10,10,0.95,0.01,36,1,2,shore,shore,game,falu,shore,1,true,
8,10,10,0.95,0.01,37,2,1,cheek,meter,cheek,lipu,cheek,0.999999316027469,true,
8,10,10,0.95,0.01,38,1,2,bag,bag,threat,loqi,bag,1,true,
8,10,10,0.95,0.01,39,2,1,purse,purse,bag,loqi,bag,2.0485554044168E-06,false,
8,10,10,0.95,0.01,40,1,2,game,bag,game,fuwo,game,1,true,
8,10,10,0.95,0.01,41,2,1,shore,purse,shore,qapamoma,purse,0.000280646275801,false,
8,10,10,0.95,0.01,42,1,2,threat,danger,threat,nihatate,threat,0.99999999999984,true,
8,10,10,0.95,0.01,43,2,1,cheek,vitamin,cheek,lipu,cheek,1,true,
8,10,10,0.95,0.01,44,1,2,cheek,game,cheek,lipu,cheek,1,true,
8,10,10,0.95,0.01,45,2,1,bag,bag,coast,loqi,bag,0.999999999751664,true,
8,10,10,0.95,0.01,46,1,2,bag,bag,threat,loqi,bag,1,true,
8,10,10,0.95,0.01,47,2,1,game,meter,game,fuwo,game,0.999999999989093,true,
8,10,10,0.95,0.01,48,1,2,bag,bag,game,loqi,bag,1,true,
8,10,10,0.95,0.01,49,2,1,vitamin,bag,vitamin,qapamoma,vitamin,1,true,
8,10,10,0.95,0.01,50,1,2,bag,purse,bag,loqi,bag,0.999999995323283,true,
8,10,10,0.95,0.01,51,2,1,bag,bag,game,loqi,bag,1,true,
8,10,10,0.95,0.01,52,1,2,purse,purse,shore,falu,purse,0.143046902027981,true,
8,10,10,0.95,0.01,53,2,1,game,game,cheek,fuwo,game,1,true,
8,10,10,0.95,0.01,54,1,2,danger,bag,danger,hene,danger,1,true,
8,10,10,0.95,0.01,55,2,1,coast,threat,coast,falu,coast,0.999999999999957,true,
8,10,10,0.95,0.01,56,1,2,threat,threat,shore,nihatate,threat,0.997801290373438,true,
8,10,10,0.95,0.01,57,2,1,shore,shore,coast,falu,coast,0.052115395371647,false,
8,10,10,0.95,0.01,58,1,2,danger,danger,cheek,hene,danger,1,true,
8,10,10,0.95,0.01,59,2,1,meter,threat,meter,hene,meter,1,true,
8,10,10,0.95,0.01,60,1,2,cheek,purse,cheek,lipu,cheek,0.999999977782455,true,
8,10,10,0.95,0.01,61,2,1,game,game,cheek,fuwo,game,1,true,
8,10,10,0.95,0.01,62,1,2,danger,danger,threat,hene,danger,0.972410142715294,true,
8,10,10,0.95,0.01,63,2,1,purse,purse,shore,falu,purse,0.205552326203112,true,
8,10,10,0.95,0.01,64,1,2,threat,threat,coast,nihatate,threat,1,true,
8,10,10,0.95,0.01,65,2,1,shore,bag,shore,nihatate,shore,1,true,
8,10,10,0.95,0.01,66,1,2,meter,purse,meter,lipu,purse,8.80339605359494E-18,false,
8,10,10,0.95,0.01,67,2,1,danger,danger,game,hene,danger,1,true,
8,10,10,0.95,0.01,68,1,2,game,shore,game,fuwo,game,1,true,
8,10,10,0.95,0.01,69,2,1,purse,purse,danger,falu,purse,1,true,
8,10,10,0.95,0.01,70,1,2,shore,shore,meter,qapamoma,meter,3.36284956767945E-05,false,
8,10,10,0.95,0.01,71,2,1,vitamin,game,vitamin,qapamoma,vitamin,1,true,
8,10,10,0.95,0.01,72,1,2,meter,meter,game,qapamoma,meter,1,true,
8,10,10,0.95,0.01,73,2,1,coast,coast,vitamin,nihatate,vitamin,0.277168519680845,false,
8,10,10,0.95,0.01,74,1,2,coast,coast,game,nihatate,coast,1,true,
8,10,10,0.95,0.01,75,2,1,shore,shore,game,lipu,shore,1,true,
8,10,10,0.95,0.01,76,1,2,bag,bag,shore,falu,bag,0.223664082709162,true,
8,10,10,0.95,0.01,77,2,1,vitamin,meter,vitamin,nihatate,vitamin,1,true,
8,10,10,0.95,0.01,78,1,2,danger,danger,threat,hene,danger,0.999999621886822,true,
8,10,10,0.95,0.01,79,2,1,danger,danger,meter,hene,danger,1,true,
8,10,10,0.95,0.01,80,1,2,shore,shore,cheek,lipu,shore,0.48630779635877,true,
8,10,10,0.95,0.01,81,2,1,danger,danger,vitamin,hene,danger,0.999999994589355,true,
8,10,10,0.95,0.01,82,1,2,meter,danger,meter,qapamoma,meter,1,true,
8,10,10,0.95,0.01,83,2,1,coast,coast,meter,lipu,coast,1,true,
8,10,10,0.95,0.01,84,1,2,game,coast,game,fuwo,game,1,true,
8,10,10,0.95,0.01,85,2,1,shore,shore,meter,lipu,shore,1,true,
8,10,10,0.95,0.01,86,1,2,game,game,vitamin,fuwo,game,1,true,
8,10,10,0.95,0.01,87,2,1,game,threat,game,fuwo,game,0.999999998832173,true,
8,10,10,0.95,0.01,88,1,2,meter,meter,cheek,qapamoma,meter,0.999974156568707,true,
8,10,10,0.95,0.01,89,2,1,purse,purse,game,falu,purse,1,true,
8,10,10,0.95,0.01,90,1,2,vitamin,danger,vitamin,fuwo,vitamin,0.648858037619671,true,
8,10,10,0.95,0.01,91,2,1,purse,purse,coast,falu,purse,0.999999975071779,true,
8,10,10,0.95,0.01,92,1,2,purse,purse,game,falu,purse,1,true,
8,10,10,0.95,0.01,93,2,1,meter,bag,meter,qapamoma,meter,0.999999999451863,true,
8,10,10,0.95,0.01,94,1,2,shore,shore,vitamin,lipu,shore,0.999999998109969,true,
8,10,10,0.95,0.01,95,2,1,danger,danger,cheek,hene,danger,0.999999999998062,true,
8,10,10,0.95,0.01,96,1,2,cheek,threat,cheek,loqi,cheek,0.446302995262645,true,
8,10,10,0.95,0.01,97,2,1,bag,bag,danger,falu,bag,1,true,
8,10,10,0.95,0.01,98,1,2,bag,bag,vitamin,falu,bag,0.99861672869711,true,
8,10,10,0.95,0.01,99,2,1,shore,shore,coast,lipu,shore,0.999999954124786,true,
8,10,10,0.95,0.01,100,1,2,purse,purse,bag,falu,bag,0.484812387133371,false,
8,10,10,0.95,0.01,101,2,1,vitamin,threat,vitamin,loqi,threat,0.009362278010514,false,
8,10,10,0.95,0.01,102,1,2,cheek,meter,cheek,loqi,cheek,1,true,
8,10,10,0.95,0.01,103,2,1,coast,danger,coast,lipu,coast,0.999999998732061,true,
8,10,10,0.95,0.01,104,1,2,meter,bag,meter,qapamoma,meter,0.999999999999998,true,
8,10,10,0.95,0.01,105,2,1,shore,danger,shore,lipu,shore,0.99999999999998,true,
8,10,10,0.95,0.01,106,1,2,cheek,shore,cheek,loqi,cheek,1,true,
8,10,10,0.95,0.01,107,2,1,vitamin,coast,vitamin,fuwo,vitamin,0.992057035242722,true,
8,10,10,0.95,0.01,108,1,2,cheek,purse,cheek,loqi,cheek,1,true,
8,10,10,0.95,0.01,109,2,1,coast,coast,cheek,hene,coast,1,true,
8,10,10,0.95,0.01,110,1,2,cheek,coast,cheek,loqi,cheek,1,true,
8,10,10,0.95,0.01,111,2,1,threat,threat,vitamin,nihatate,threat,0.646484516317415,true,
8,10,10,0.95,0.01,112,1,2,vitamin,vitamin,cheek,fuwo,vitamin,1,true,
8,10,10,0.95,0.01,113,2,1,purse,purse,meter,falu,purse,1,true,
8,10,10,0.95,0.01,114,1,2,game,danger,game,nihatate,game,0.940866328050125,true,
8,10,10,0.95,0.01,115,2,1,coast,coast,meter,hene,coast,1,true,
8,10,10,0.95,0.01,116,1,2,game,threat,game,nihatate,threat,1.97829539573277E-05,false,
8,10,10,0.95,0.01,117,2,1,danger,danger,coast,hene,coast,0.297605646713939,false,
8,10,10,0.95,0.01,118,1,2,threat,threat,cheek,nihatate,threat,1,true,
8,10,10,0.95,0.01,119,2,1,cheek,bag,cheek,loqi,cheek,1,true,
8,10,10,0.95,0.01,120,1,2,shore,shore,vitamin,lipu,shore,1,true,
9,10,10,0.95,0.01,0,1,2,threat,threat,coast,loqi,coast,0.231358405098038,false,
9,10,10,0.95,0.01,1,2,1,bag,bag,coast,loqi,coast,1.12414866510214E-11,false,
9,10,10,0.95,0.01,2,1,2,coast,coast,meter,loqi,coast,0.999999999999934,true,
9,10,10,0.95,0.01,3,2,1,shore,shore,cheek,loqi,cheek,0.242944864851207,false,
9,10,10,0.95,0.01,4,1,2,purse,purse,cheek,lipu,purse,0.999999991441975,true,
9,10,10,0.95,0.01,5,2,1,game,coast,game,falu,game,0.999999999999972,true,
9,10,10,0.95,0.01,6,1,2,purse,purse,threat,lipu,purse,0.998968093002929,true,
9,10,10,0.95,0.01,7,2,1,meter,shore,meter,qapamoma,shore,3.68065313470892E-06,false,
9,10,10,0.95,0.01,8,1,2,danger,danger,cheek,nihatate,danger,0.999999999902087,true,
9,10,10,0.95,0.01,9,2,1,threat,threat,game,qapamoma,threat,0.989000865567059,true,
9,10,10,0.95,0.01,10,1,2,coast,purse,coast,loqi,coast,0.999999999990838,true,
9,10,10,0.95,0.01,11,2,1,vitamin,bag,vitamin,hene,bag,0.000209130376098,false,
9,10,10,0.95,0.01,12,1,2,bag,bag,danger,hene,bag,0.999999830989211,true,
9,10,10,0.95,0.01,13,2,1,danger,danger,meter,nihatate,danger,0.999999934664319,true,
9,10,10,0.95,0.01,14,1,2,vitamin,danger,vitamin,hene,vitamin,1,true,
9,10,10,0.95,0.01,15,2,1,meter,bag,meter,fuwo,bag,1.84796590701505E-05,false,
9,10,10,0.95,0.01,16,1,2,cheek,threat,cheek,fuwo,threat,8.60693354370376E-06,false,
9,10,10,0.95,0.01,17,2,1,purse,purse,vitamin,lipu,purse,1,true,
9,10,10,0.95,0.01,18,1,2,shore,shore,vitamin,loqi,shore,0.830841539032126,true,
9,10,10,0.95,0.01,19,2,1,meter,meter,vitamin,qapamoma,meter,1,true,
9,10,10,0.95,0.01,20,1,2,game,meter,game,falu,game,1,true,
9,10,10,0.95,0.01,21,2,1,shore,shore,coast,loqi,coast,0.005062148766087,false,
9,10,10,0.95,0.01,22,1,2,purse,purse,meter,lipu,purse,1,true,
9,10,10,0.95,0.01,23,2,1,game,game,vitamin,falu,game,1,true,
9,10,10,0.95,0.01,24,1,2,threat,threat,meter,fuwo,threat,1,true,
9,10,10,0.95,0.01,25,2,1,threat,threat,shore,fuwo,threat,1,true,
9,10,10,0.95,0.01,26,1,2,game,purse,game,falu,game,1,true,
9,10,10,0.95,0.01,27,2,1,danger,danger,shore,nihatate,danger,1,true,
9,10,10,0.95,0.01,28,1,2,danger,purse,danger,nihatate,danger,1,true,
9,10,10,0.95,0.01,29,2,1,cheek,coast,cheek,fuwo,cheek,0.999889714617314,true,
9,10,10,0.95,0.01,30,1,2,coast,danger,coast,loqi,coast,1,true,
9,10,10,0.95,0.01,31,2,1,vitamin,coast,vitamin,hene,vitamin,1,true,
9,10,10,0.95,0.01,32,1,2,vitamin,threat,vitamin,hene,vitamin,0.999999999442661,true,
9,10,10,0.95,0.01,33,2,1,bag,bag,cheek,lipu,bag,0.993383513570429,true,
9,10,10,0.95,0.01,34,1,2,danger,danger,game,nihatate,danger,1,true,
9,10,10,0.95,0.01,35,2,1,bag,bag,shore,lipu,bag,0.99999999998947,true,
9,10,10,0.95,0.01,36,1,2,shore,shore,game,loqi,shore,1,true,
9,10,10,0.95,0.01,37,2,1,cheek,meter,cheek,fuwo,cheek,0.984368891025635,true,
9,10,10,0.95,0.01,38,1,2,bag,bag,threat,lipu,bag,0.999999976439621,true,
9,10,10,0.95,0.01,39,2,1,purse,purse,bag,fuwo,purse,1,true,
9,10,10,0.95,0.01,40,1,2,game,bag,game,falu,game,1,true,
9,10,10,0.95,0.01,41,2,1,shore,purse,shore,loqi,shore,0.999999981888978,true,
9,10,10,0.95,0.01,42,1,2,threat,danger,threat,fuwo,threat,1,true,
9,10,10,0.95,0.01,43,2,1,cheek,vitamin,cheek,fuwo,cheek,1,true,
9,10,10,0.95,0.01,44,1,2,cheek,game,cheek,falu,game,1.68983910725166E-31,false,
9,10,10,0.95,0.01,45,2,1,bag,bag,coast,lipu,bag,0.999999999999644,true,
9,10,10,0.95,0.01,46,1,2,bag,bag,threat,lipu,bag,0.999999990614844,true,
9,10,10,0.95,0.01,47,2,1,game,meter,game,falu,game,0.999999999997193,true,
9,10,10,0.95,0.01,48,1,2,bag,bag,game,lipu,bag,1,true,
9,10,10,0.95,0.01,49,2,1,vitamin,bag,vitamin,hene,vitamin,1,true,
9,10,10,0.95,0.01,50,1,2,bag,purse,bag,lipu,bag,0.999999996570753,true,
9,10,10,0.95,0.01,51,2,1,bag,bag,game,lipu,bag,1,true,
9,10,10,0.95,0.01,52,1,2,purse,purse,shore,falu,purse,1,true,
9,10,10,0.95,0.01,53,2,1,game,game,cheek,falu,game,0.999999999999998,true,
9,10,10,0.95,0.01,54,1,2,danger,bag,danger,nihatate,danger,1,true,
9,10,10,0.95,0.01,55,2,1,coast,threat,coast,loqi,coast,1,true,
9,10,10,0.95,0.01,56,1,2,threat,threat,shore,fuwo,threat,0.999999174856568,true,
9,10,10,0.95,0.01,57,2,1,shore,shore,coast,loqi,shore,0.939912988010193,true,
9,10,10,0.95,0.01,58,1,2,danger,danger,cheek,nihatate,danger,0.999999999981323,true,
9,10,10,0.95,0.01,59,2,1,meter,threat,meter,qapamoma,meter,1,true,
9,10,10,0.95,0.01,60,1,2,cheek,purse,cheek,fuwo,cheek,0.999696588508298,true,
9,10,10,0.95,0.01,61,2,1,game,game,cheek,falu,game,1,true,
9,10,10,0.95,0.01,62,1,2,danger,danger,threat,nihatate,danger,0.998666162749211,true,
9,10,10,0.95,0.01,63,2,1,purse,purse,shore,falu,purse,0.999999998512681,true,
9,10,10,0.95,0.01,64,1,2,threat,threat,coast,fuwo,threat,0.999999997248899,true,
9,10,10,0.95,0.01,65,2,1,shore,bag,shore,loqi,shore,1,true,
9,10,10,0.95,0.01,66,1,2,meter,purse,meter,qapamoma,meter,0.999993339708509,true,
9,10,10,0.95,0.01,67,2,1,danger,danger,game,nihatate,danger,1,true,
9,10,10,0.95,0.01,68,1,2,game,shore,game,falu,game,1,true,
9,10,10,0.95,0.01,69,2,1,purse,purse,danger,hene,purse,1,true,
9,10,10,0.95,0.01,70,1,2,shore,shore,meter,loqi,shore,1,true,
9,10,10,0.95,0.01,71,2,1,vitamin,game,vitamin,hene,vitamin,1,true,
9,10,10,0.95,0.01,72,1,2,meter,meter,game,qapamoma,meter,1,true,
9,10,10,0.95,0.01,73,2,1,coast,coast,vitamin,loqi,coast,1,true,
9,10,10,0.95,0.01,74,1,2,coast,coast,game,loqi,coast,1,true,
9,10,10,0.95,0.01,75,2,1,shore,shore,game,loqi,shore,1,true,
9,10,10,0.95,0.01,76,1,2,bag,bag,shore,hene,bag,1,true,
9,10,10,0.95,0.01,77,2,1,vitamin,meter,vitamin,hene,vitamin,1,true,
9,10,10,0.95,0.01,78,1,2,danger,danger,threat,nihatate,danger,0.999999334490285,true,
9,10,10,0.95,0.01,79,2,1,danger,danger,meter,nihatate,danger,1,true,
9,10,10,0.95,0.01,80,1,2,shore,shore,cheek,loqi,shore,0.999999999999973,true,
9,10,10,0.95,0.01,81,2,1,danger,danger,vitamin,nihatate,danger,1,true,
9,10,10,0.95,0.01,82,1,2,meter,danger,meter,qapamoma,meter,1,true,
9,10,10,0.95,0.01,83,2,1,coast,coast,meter,loqi,coast,1,true,
9,10,10,0.95,0.01,84,1,2,game,coast,game,falu,game,1,true,
9,10,10,0.95,0.01,85,2,1,shore,shore,meter,loqi,shore,1,true,
9,10,10,0.95,0.01,86,1,2,game,game,vitamin,falu,game,1,true,
9,10,10,0.95,0.01,87,2,1,game,threat,game,falu,game,0.999999995591002,true,
9,10,10,0.95,0.01,88,1,2,meter,meter,cheek,qapamoma,meter,0.999999999996268,true,
9,10,10,0.95,0.01,89,2,1,purse,purse,game,lipu,purse,1,true,
9,10,10,0.95,0.01,90,1,2,vitamin,danger,vitamin,hene,vitamin,1,true,
9,10,10,0.95,0.01,91,2,1,purse,purse,coast,lipu,purse,0.999999912140418,true,
9,10,10,0.95,0.01,92,1,2,purse,purse,game,lipu,purse,1,true,
9,10,10,0.95,0.01,93,2,1,meter,bag,meter,qapamoma,meter,0.999999999742832,true,
9,10,10,0.95,0.01,94,1,2,shore,shore,vitamin,loqi,shore,1,true,
9,10,10,0.95,0.01,95,2,1,danger,danger,cheek,nihatate,danger,0.99999999983388,true,
9,10,10,0.95,0.01,96,1,2,cheek,threat,cheek,fuwo,cheek,0.867828827670235,true,
9,10,10,0.95,0.01,97,2,1,bag,bag,danger,lipu,bag,1,true,
9,10,10,0.95,0.01,98,1,2,bag,bag,vitamin,lipu,bag,1,true,
9,10,10,0.95,0.01,99,2,1,shore,shore,coast,loqi,shore,0.999999969834687,true,
9,10,10,0.95,0.01,100,1,2,purse,purse,bag,lipu,purse,0.999990940953649,true,
9,10,10,0.95,0.01,101,2,1,vitamin,threat,vitamin,hene,vitamin,0.999999999926811,true,
9,10,10,0.95,0.01,102,1,2,cheek,meter,cheek,fuwo,cheek,1,true,
9,10,10,0.95,0.01,103,2,1,coast,danger,coast,fuwo,coast,0.999999990414814,true,
9,10,10,0.95,0.01,104,1,2,meter,bag,meter,qapamoma,meter,0.999999999999988,true,
9,10,10,0.95,0.01,105,2,1,shore,danger,shore,loqi,shore,0.999999999999979,true,
9,10,10,0.95,0.01,106,1,2,cheek,shore,cheek,fuwo,cheek,1,true,
9,10,10,0.95,0.01,107,2,1,vitamin,coast,vitamin,hene,vitamin,0.999999924383549,true,
9,10,10,0.95,0.01,108,1,2,cheek,purse,cheek,fuwo,cheek,1,true,
9,10,10,0.95,0.01,109,2,1,coast,coast,cheek,falu,coast,1,true,
9,10,10,0.95,0.01,110,1,2,cheek,coast,cheek,fuwo,cheek,1,true,
9,10,10,0.95,0.01,111,2,1,threat,threat,vitamin,nihatate,threat,1,true,
9,10,10,0.95,0.01,112,1,2,vitamin,vitamin,cheek,hene,vitamin,1,true,
9,10,10,0.95,0.01,113,2,1,purse,purse,meter,lipu,purse,1,true,
9,10,10,0.95,0.01,114,1,2,game,danger,game,falu,game,0.999998737936033,true,
9,10,10,0.95,0.01,115,2,1,coast,coast,meter,falu,coast,1,true,
9,10,10,0.95,0.01,116,1,2,game,threat,game,falu,game,1,true,
9,10,10,0.95,0.01,117,2,1,danger,danger,coast,nihatate,danger,0.977946194018712,true,
9,10,10,0.95,0.01,118,1,2,threat,threat,cheek,nihatate,threat,1,true,
9,10,10,0.95,0.01,119,2,1,cheek,bag,cheek,fuwo,cheek,1,true,
9,10,10,0.95,0.01,120,1,2,shore,shore,vitamin,qapamoma,shore,0.999999509899076,true,
