iterationNum,speakerAlpha,listenerAlpha,discountFactor,guessingEpsilon,time,                 speakerID,listenerID,intendedName, word1, word2, topSpeakerChoice,topListenerChoice,correctProb,correct,6.05325443786982
0,7,7,0.95,0.01,0,1,2,threat,threat,coast,fuwo,threat,0.234456607716733,true,
0,7,7,0.95,0.01,1,2,1,bag,bag,coast,hene,coast,0.439334931002766,false,
0,7,7,0.95,0.01,2,1,2,coast,coast,meter,lipu,meter,3.91039063687105E-08,false,
0,7,7,0.95,0.01,3,2,1,shore,shore,cheek,hene,cheek,0.269839187884065,false,
0,7,7,0.95,0.01,4,1,2,purse,purse,cheek,qapamoma,purse,0.999999998225999,true,
0,7,7,0.95,0.01,5,2,1,game,coast,game,nihatate,game,0.464734092927655,true,
0,7,7,0.95,0.01,6,1,2,purse,purse,threat,qapamoma,purse,0.999985462828122,true,
0,7,7,0.95,0.01,7,2,1,meter,shore,meter,falu,shore,4.07909523663078E-10,false,
0,7,7,0.95,0.01,8,1,2,danger,danger,cheek,fuwo,danger,0.999999999997939,true,
0,7,7,0.95,0.01,9,2,1,threat,threat,game,fuwo,threat,0.999834546164109,true,
0,7,7,0.95,0.01,10,1,2,coast,purse,coast,loqi,coast,0.999333210012265,true,
0,7,7,0.95,0.01,11,2,1,vitamin,bag,vitamin,hene,bag,0.000265839764229,false,
0,7,7,0.95,0.01,12,1,2,bag,bag,danger,hene,bag,0.456023239532081,true,
0,7,7,0.95,0.01,13,2,1,danger,danger,meter,fuwo,danger,0.999999999999989,true,
0,7,7,0.95,0.01,14,1,2,vitamin,danger,vitamin,hene,vitamin,0.999999914397691,true,
0,7,7,0.95,0.01,15,2,1,meter,bag,meter,loqi,bag,6.80595109305822E-08,false,
0,7,7,0.95,0.01,16,1,2,cheek,threat,cheek,lipu,cheek,0.895480882598543,true,
0,7,7,0.95,0.01,17,2,1,purse,purse,vitamin,qapamoma,purse,1,true,
0,7,7,0.95,0.01,18,1,2,shore,shore,vitamin,falu,shore,0.974660644092565,true,
0,7,7,0.95,0.01,19,2,1,meter,meter,vitamin,loqi,meter,0.999999999999998,true,
0,7,7,0.95,0.01,20,1,2,game,meter,game,nihatate,game,1,true,
0,7,7,0.95,0.01,21,2,1,shore,shore,coast,falu,shore,0.999999173635058,true,
0,7,7,0.95,0.01,22,1,2,purse,purse,meter,qapamoma,purse,1,true,
0,7,7,0.95,0.01,23,2,1,game,game,vitamin,nihatate,game,1,true,
0,7,7,0.95,0.01,24,1,2,threat,threat,meter,fuwo,threat,1,true,
0,7,7,0.95,0.01,25,2,1,threat,threat,shore,fuwo,threat,0.999999999999997,true,
0,7,7,0.95,0.01,26,1,2,game,purse,game,nihatate,game,1,true,
0,7,7,0.95,0.01,27,2,1,danger,danger,shore,fuwo,danger,0.999999999985222,true,
0,7,7,0.95,0.01,28,1,2,danger,purse,danger,fuwo,danger,1,true,
0,7,7,0.95,0.01,29,2,1,cheek,coast,cheek,lipu,cheek,0.999999976413354,true,
0,7,7,0.95,0.01,30,1,2,coast,danger,coast,loqi,coast,0.999999999955376,true,
0,7,7,0.95,0.01,31,2,1,vitamin,coast,vitamin,hene,vitamin,1,true,
0,7,7,0.95,0.01,32,1,2,vitamin,threat,vitamin,hene,vitamin,0.999999999988665,true,
0,7,7,0.95,0.01,33,2,1,bag,bag,cheek,qapamoma,bag,0.999999999999998,true,
0,7,7,0.95,0.01,34,1,2,danger,danger,game,fuwo,danger,1,true,
0,7,7,0.95,0.01,35,2,1,bag,bag,shore,qapamoma,bag,0.99999999981881,true,
0,7,7,0.95,0.01,36,1,2,shore,shore,game,falu,shore,1,true,
0,7,7,0.95,0.01,37,2,1,cheek,meter,cheek,lipu,cheek,0.999999974928263,true,
0,7,7,0.95,0.01,38,1,2,bag,bag,threat,qapamoma,bag,0.999999999319154,true,
0,7,7,0.95,0.01,39,2,1,purse,purse,bag,hene,purse,0.999999999999947,true,
0,7,7,0.95,0.01,40,1,2,game,bag,game,nihatate,game,1,true,
0,7,7,0.95,0.01,41,2,1,shore,purse,shore,falu,shore,0.999998074207741,true,
0,7,7,0.95,0.01,42,1,2,threat,danger,threat,fuwo,danger,0.005830024305548,false,
0,7,7,0.95,0.01,43,2,1,cheek,vitamin,cheek,lipu,cheek,1,true,
0,7,7,0.95,0.01,44,1,2,cheek,game,cheek,lipu,cheek,1,true,
0,7,7,0.95,0.01,45,2,1,bag,bag,coast,qapamoma,bag,0.999999978497005,true,
0,7,7,0.95,0.01,46,1,2,bag,bag,threat,qapamoma,bag,1,true,
0,7,7,0.95,0.01,47,2,1,game,meter,game,nihatate,game,0.999999967638715,true,
0,7,7,0.95,0.01,48,1,2,bag,bag,game,qapamoma,bag,1,true,
0,7,7,0.95,0.01,49,2,1,vitamin,bag,vitamin,hene,vitamin,1,true,
0,7,7,0.95,0.01,50,1,2,bag,purse,bag,qapamoma,bag,0.999998608049142,true,
0,7,7,0.95,0.01,51,2,1,bag,bag,game,qapamoma,bag,1,true,
0,7,7,0.95,0.01,52,1,2,purse,purse,shore,loqi,purse,0.999999994132203,true,
0,7,7,0.95,0.01,53,2,1,game,game,cheek,nihatate,game,1,true,
0,7,7,0.95,0.01,54,1,2,danger,bag,danger,fuwo,danger,1,true,
0,7,7,0.95,0.01,55,2,1,coast,threat,coast,loqi,threat,0.016916568026793,false,
0,7,7,0.95,0.01,56,1,2,threat,threat,shore,falu,shore,7.09050727670222E-16,false,
0,7,7,0.95,0.01,57,2,1,shore,shore,coast,falu,shore,0.999999775862212,true,
0,7,7,0.95,0.01,58,1,2,danger,danger,cheek,fuwo,danger,0.999999999999998,true,
0,7,7,0.95,0.01,59,2,1,meter,threat,meter,fuwo,meter,0.869565270052396,true,
0,7,7,0.95,0.01,60,1,2,cheek,purse,cheek,lipu,cheek,0.999998394809909,true,
0,7,7,0.95,0.01,61,2,1,game,game,cheek,nihatate,game,1,true,
0,7,7,0.95,0.01,62,1,2,danger,danger,threat,fuwo,danger,0.548003902606247,true,
0,7,7,0.95,0.01,63,2,1,purse,purse,shore,qapamoma,purse,0.999999999973035,true,
0,7,7,0.95,0.01,64,1,2,threat,threat,coast,hene,threat,0.995949857738078,true,
0,7,7,0.95,0.01,65,2,1,shore,bag,shore,falu,shore,1,true,
0,7,7,0.95,0.01,66,1,2,meter,purse,meter,hene,purse,3.52763453397668E-11,false,
0,7,7,0.95,0.01,67,2,1,danger,danger,game,fuwo,danger,1,true,
0,7,7,0.95,0.01,68,1,2,game,shore,game,nihatate,game,1,true,
0,7,7,0.95,0.01,69,2,1,purse,purse,danger,qapamoma,purse,0.999999999999996,true,
0,7,7,0.95,0.01,70,1,2,shore,shore,meter,falu,shore,0.99999999583999,true,
0,7,7,0.95,0.01,71,2,1,vitamin,game,vitamin,hene,vitamin,1,true,
0,7,7,0.95,0.01,72,1,2,meter,meter,game,loqi,meter,0.999999999999998,true,
0,7,7,0.95,0.01,73,2,1,coast,coast,vitamin,lipu,coast,0.999997289969019,true,
0,7,7,0.95,0.01,74,1,2,coast,coast,game,lipu,coast,1,true,
0,7,7,0.95,0.01,75,2,1,shore,shore,game,falu,shore,1,true,
0,7,7,0.95,0.01,76,1,2,bag,bag,shore,qapamoma,bag,0.999999999999993,true,
0,7,7,0.95,0.01,77,2,1,vitamin,meter,vitamin,hene,vitamin,0.999999999999465,true,
0,7,7,0.95,0.01,78,1,2,danger,danger,threat,fuwo,danger,0.999825711726163,true,
0,7,7,0.95,0.01,79,2,1,danger,danger,meter,fuwo,danger,1,true,
0,7,7,0.95,0.01,80,1,2,shore,shore,cheek,falu,shore,0.999999597008743,true,
0,7,7,0.95,0.01,81,2,1,danger,danger,vitamin,fuwo,danger,0.999999999999998,true,
0,7,7,0.95,0.01,82,1,2,meter,danger,meter,loqi,meter,0.999999999999995,true,
0,7,7,0.95,0.01,83,2,1,coast,coast,meter,lipu,coast,1,true,
0,7,7,0.95,0.01,84,1,2,game,coast,game,nihatate,game,0.999999999999998,true,
0,7,7,0.95,0.01,85,2,1,shore,shore,meter,falu,shore,1,true,
0,7,7,0.95,0.01,86,1,2,game,game,vitamin,nihatate,game,1,true,
0,7,7,0.95,0.01,87,2,1,game,threat,game,nihatate,game,0.999999761604093,true,
0,7,7,0.95,0.01,88,1,2,meter,meter,cheek,loqi,meter,0.977550454769664,true,
0,7,7,0.95,0.01,89,2,1,purse,purse,game,qapamoma,purse,1,true,
0,7,7,0.95,0.01,90,1,2,vitamin,danger,vitamin,hene,vitamin,1,true,
0,7,7,0.95,0.01,91,2,1,purse,purse,coast,qapamoma,purse,0.999995973226135,true,
0,7,7,0.95,0.01,92,1,2,purse,purse,game,qapamoma,purse,1,true,
0,7,7,0.95,0.01,93,2,1,meter,bag,meter,loqi,meter,0.99999961565093,true,
0,7,7,0.95,0.01,94,1,2,shore,shore,vitamin,falu,shore,1,true,
0,7,7,0.95,0.01,95,2,1,danger,danger,cheek,fuwo,danger,0.999978136468835,true,
0,7,7,0.95,0.01,96,1,2,cheek,threat,cheek,falu,threat,0.348743338486503,false,
0,7,7,0.95,0.01,97,2,1,bag,bag,danger,qapamoma,bag,0.999999999999737,true,
0,7,7,0.95,0.01,98,1,2,bag,bag,vitamin,qapamoma,bag,0.999999999999996,true,
0,7,7,0.95,0.01,99,2,1,shore,shore,coast,falu,shore,0.999998508848748,true,
0,7,7,0.95,0.01,100,1,2,purse,purse,bag,qapamoma,purse,0.986690250467583,true,
0,7,7,0.95,0.01,101,2,1,vitamin,threat,vitamin,hene,vitamin,0.999999699749922,true,
0,7,7,0.95,0.01,102,1,2,cheek,meter,cheek,falu,cheek,1,true,
0,7,7,0.95,0.01,103,2,1,coast,danger,coast,lipu,coast,0.999999255970609,true,
0,7,7,0.95,0.01,104,1,2,meter,bag,meter,loqi,meter,0.999999999653593,true,
0,7,7,0.95,0.01,105,2,1,shore,danger,shore,falu,shore,0.999960297729669,true,
0,7,7,0.95,0.01,106,1,2,cheek,shore,cheek,falu,shore,2.33848373232036E-06,false,
0,7,7,0.95,0.01,107,2,1,vitamin,coast,vitamin,hene,vitamin,0.999999142426842,true,
0,7,7,0.95,0.01,108,1,2,cheek,purse,cheek,lipu,cheek,0.999999999998986,true,
0,7,7,0.95,0.01,109,2,1,coast,coast,cheek,lipu,cheek,6.03325542770233E-06,false,
0,7,7,0.95,0.01,110,1,2,cheek,coast,cheek,lipu,coast,0.542169768966459,false,
0,7,7,0.95,0.01,111,2,1,threat,threat,vitamin,fuwo,threat,0.999999999999996,true,
0,7,7,0.95,0.01,112,1,2,vitamin,vitamin,cheek,hene,vitamin,0.999999951083993,true,
0,7,7,0.95,0.01,113,2,1,purse,purse,meter,qapamoma,purse,1,true,
0,7,7,0.95,0.01,114,1,2,game,danger,game,nihatate,game,0.994637833400141,true,
0,7,7,0.95,0.01,115,2,1,coast,coast,meter,hene,coast,0.99999999994975,true,
0,7,7,0.95,0.01,116,1,2,game,threat,game,nihatate,game,0.999999999996762,true,
0,7,7,0.95,0.01,117,2,1,danger,danger,coast,fuwo,danger,0.951376468858331,true,
0,7,7,0.95,0.01,118,1,2,threat,threat,cheek,fuwo,threat,0.999821478973666,true,
0,7,7,0.95,0.01,119,2,1,cheek,bag,cheek,lipu,cheek,0.999999995060147,true,
0,7,7,0.95,0.01,120,1,2,shore,shore,vitamin,falu,shore,0.999999999999989,true,
1,7,7,0.95,0.01,0,1,2,threat,threat,coast,falu,threat,0.308346797369494,true,
1,7,7,0.95,0.01,1,2,1,bag,bag,coast,lipu,coast,0.147268993458591,false,
1,7,7,0.95,0.01,2,1,2,coast,coast,meter,nihatate,meter,7.66675087105058E-08,false,
1,7,7,0.95,0.01,3,2,1,shore,shore,cheek,nihatate,shore,0.725732075321961,true,
1,7,7,0.95,0.01,4,1,2,purse,purse,cheek,lipu,cheek,0.079134687969267,false,
1,7,7,0.95,0.01,5,2,1,game,coast,game,loqi,coast,0.003798975224143,false,
1,7,7,0.95,0.01,6,1,2,purse,purse,threat,fuwo,purse,0.922171930196144,true,
1,7,7,0.95,0.01,7,2,1,meter,shore,meter,qapamoma,shore,1.73140562810421E-12,false,
1,7,7,0.95,0.01,8,1,2,danger,danger,cheek,hene,danger,0.94188710378211,true,
1,7,7,0.95,0.01,9,2,1,threat,threat,game,falu,threat,0.99999999183181,true,
1,7,7,0.95,0.01,10,1,2,coast,purse,coast,fuwo,purse,4.53309494861602E-09,false,
1,7,7,0.95,0.01,11,2,1,vitamin,bag,vitamin,loqi,bag,0.125763743527972,false,
1,7,7,0.95,0.01,12,1,2,bag,bag,danger,lipu,danger,0.000220822747884,false,
1,7,7,0.95,0.01,13,2,1,danger,danger,meter,hene,danger,0.999999999945482,true,
1,7,7,0.95,0.01,14,1,2,vitamin,danger,vitamin,loqi,vitamin,0.999999999919165,true,
1,7,7,0.95,0.01,15,2,1,meter,bag,meter,lipu,bag,7.60425956859078E-09,false,
1,7,7,0.95,0.01,16,1,2,cheek,threat,cheek,lipu,cheek,0.999999904701014,true,
1,7,7,0.95,0.01,17,2,1,purse,purse,vitamin,hene,vitamin,0.4432297016062,false,
1,7,7,0.95,0.01,18,1,2,shore,shore,vitamin,nihatate,shore,0.999999999246583,true,
1,7,7,0.95,0.01,19,2,1,meter,meter,vitamin,falu,meter,0.999999999999995,true,
1,7,7,0.95,0.01,20,1,2,game,meter,game,loqi,game,0.999999999997104,true,
1,7,7,0.95,0.01,21,2,1,shore,shore,coast,nihatate,shore,0.999999803290257,true,
1,7,7,0.95,0.01,22,1,2,purse,purse,meter,fuwo,purse,0.999999999999879,true,
1,7,7,0.95,0.01,23,2,1,game,game,vitamin,loqi,game,0.997804619882327,true,
1,7,7,0.95,0.01,24,1,2,threat,threat,meter,falu,meter,1.79231754021923E-05,false,
1,7,7,0.95,0.01,25,2,1,threat,threat,shore,falu,threat,0.999999999999986,true,
1,7,7,0.95,0.01,26,1,2,game,purse,game,loqi,game,0.99999982618055,true,
1,7,7,0.95,0.01,27,2,1,danger,danger,shore,hene,danger,0.999999999998792,true,
1,7,7,0.95,0.01,28,1,2,danger,purse,danger,hene,danger,0.999998955774762,true,
1,7,7,0.95,0.01,29,2,1,cheek,coast,cheek,lipu,cheek,0.999974829180769,true,
1,7,7,0.95,0.01,30,1,2,coast,danger,coast,nihatate,coast,0.999999999999991,true,
1,7,7,0.95,0.01,31,2,1,vitamin,coast,vitamin,loqi,vitamin,0.999999999986404,true,
1,7,7,0.95,0.01,32,1,2,vitamin,threat,vitamin,lipu,threat,0.083116257431363,false,
1,7,7,0.95,0.01,33,2,1,bag,bag,cheek,fuwo,bag,0.999999999996721,true,
1,7,7,0.95,0.01,34,1,2,danger,danger,game,hene,danger,1,true,
1,7,7,0.95,0.01,35,2,1,bag,bag,shore,fuwo,bag,0.999999997491194,true,
1,7,7,0.95,0.01,36,1,2,shore,shore,game,nihatate,shore,1,true,
1,7,7,0.95,0.01,37,2,1,cheek,meter,cheek,lipu,cheek,0.999999999977565,true,
1,7,7,0.95,0.01,38,1,2,bag,bag,threat,fuwo,bag,0.999999982006568,true,
1,7,7,0.95,0.01,39,2,1,purse,purse,bag,nihatate,purse,0.999999999999998,true,
1,7,7,0.95,0.01,40,1,2,game,bag,game,loqi,game,1,true,
1,7,7,0.95,0.01,41,2,1,shore,purse,shore,nihatate,shore,0.99997732427729,true,
1,7,7,0.95,0.01,42,1,2,threat,danger,threat,lipu,threat,0.999999376357784,true,
1,7,7,0.95,0.01,43,2,1,cheek,vitamin,cheek,lipu,cheek,0.713120522836522,true,
1,7,7,0.95,0.01,44,1,2,cheek,game,cheek,lipu,cheek,1,true,
1,7,7,0.95,0.01,45,2,1,bag,bag,coast,fuwo,bag,0.999999985929879,true,
1,7,7,0.95,0.01,46,1,2,bag,bag,threat,fuwo,bag,0.999996679183166,true,
1,7,7,0.95,0.01,47,2,1,game,meter,game,loqi,game,0.999999999999988,true,
1,7,7,0.95,0.01,48,1,2,bag,bag,game,fuwo,bag,1,true,
1,7,7,0.95,0.01,49,2,1,vitamin,bag,vitamin,falu,vitamin,0.999999999999998,true,
1,7,7,0.95,0.01,50,1,2,bag,purse,bag,fuwo,bag,0.999998410827184,true,
1,7,7,0.95,0.01,51,2,1,bag,bag,game,fuwo,bag,1,true,
1,7,7,0.95,0.01,52,1,2,purse,purse,shore,falu,purse,0.999999996677896,true,
1,7,7,0.95,0.01,53,2,1,game,game,cheek,loqi,game,1,true,
1,7,7,0.95,0.01,54,1,2,danger,bag,danger,hene,danger,1,true,
1,7,7,0.95,0.01,55,2,1,coast,threat,coast,nihatate,coast,0.99999850275478,true,
1,7,7,0.95,0.01,56,1,2,threat,threat,shore,lipu,threat,0.999998265902799,true,
1,7,7,0.95,0.01,57,2,1,shore,shore,coast,nihatate,shore,0.948029133886587,true,
1,7,7,0.95,0.01,58,1,2,danger,danger,cheek,hene,danger,0.999999999999998,true,
1,7,7,0.95,0.01,59,2,1,meter,threat,meter,qapamoma,meter,0.999999999976936,true,
1,7,7,0.95,0.01,60,1,2,cheek,purse,cheek,lipu,cheek,0.999997587017435,true,
1,7,7,0.95,0.01,61,2,1,game,game,cheek,loqi,game,1,true,
1,7,7,0.95,0.01,62,1,2,danger,danger,threat,hene,danger,0.967150986264233,true,
1,7,7,0.95,0.01,63,2,1,purse,purse,shore,hene,purse,0.999947578094332,true,
1,7,7,0.95,0.01,64,1,2,threat,threat,coast,falu,threat,0.999852260335354,true,
1,7,7,0.95,0.01,65,2,1,shore,bag,shore,nihatate,shore,1,true,
1,7,7,0.95,0.01,66,1,2,meter,purse,meter,qapamoma,meter,0.999999998845416,true,
1,7,7,0.95,0.01,67,2,1,danger,danger,game,hene,danger,1,true,
1,7,7,0.95,0.01,68,1,2,game,shore,game,loqi,game,1,true,
1,7,7,0.95,0.01,69,2,1,purse,purse,danger,nihatate,purse,1,true,
1,7,7,0.95,0.01,70,1,2,shore,shore,meter,nihatate,shore,1,true,
1,7,7,0.95,0.01,71,2,1,vitamin,game,vitamin,falu,vitamin,1,true,
1,7,7,0.95,0.01,72,1,2,meter,meter,game,qapamoma,meter,1,true,
1,7,7,0.95,0.01,73,2,1,coast,coast,vitamin,nihatate,coast,0.999999960756912,true,
1,7,7,0.95,0.01,74,1,2,coast,coast,game,nihatate,coast,1,true,
1,7,7,0.95,0.01,75,2,1,shore,shore,game,nihatate,shore,1,true,
1,7,7,0.95,0.01,76,1,2,bag,bag,shore,qapamoma,bag,0.999999998962693,true,
1,7,7,0.95,0.01,77,2,1,vitamin,meter,vitamin,falu,vitamin,1,true,
1,7,7,0.95,0.01,78,1,2,danger,danger,threat,hene,danger,0.999613244028033,true,
1,7,7,0.95,0.01,79,2,1,danger,danger,meter,hene,danger,1,true,
1,7,7,0.95,0.01,80,1,2,shore,shore,cheek,nihatate,shore,0.999999999426264,true,
1,7,7,0.95,0.01,81,2,1,danger,danger,vitamin,hene,danger,1,true,
1,7,7,0.95,0.01,82,1,2,meter,danger,meter,qapamoma,meter,1,true,
1,7,7,0.95,0.01,83,2,1,coast,coast,meter,nihatate,coast,1,true,
1,7,7,0.95,0.01,84,1,2,game,coast,game,loqi,game,1,true,
1,7,7,0.95,0.01,85,2,1,shore,shore,meter,nihatate,shore,1,true,
1,7,7,0.95,0.01,86,1,2,game,game,vitamin,loqi,game,1,true,
1,7,7,0.95,0.01,87,2,1,game,threat,game,loqi,game,0.999999826216681,true,
1,7,7,0.95,0.01,88,1,2,meter,meter,cheek,qapamoma,meter,0.999999984226759,true,
1,7,7,0.95,0.01,89,2,1,purse,purse,game,lipu,purse,0.999999999999977,true,
1,7,7,0.95,0.01,90,1,2,vitamin,danger,vitamin,falu,vitamin,1,true,
1,7,7,0.95,0.01,91,2,1,purse,purse,coast,lipu,purse,0.999463210817547,true,
1,7,7,0.95,0.01,92,1,2,purse,purse,game,lipu,purse,1,true,
1,7,7,0.95,0.01,93,2,1,meter,bag,meter,qapamoma,meter,0.999999573104478,true,
1,7,7,0.95,0.01,94,1,2,shore,shore,vitamin,nihatate,shore,1,true,
1,7,7,0.95,0.01,95,2,1,danger,danger,cheek,hene,danger,0.999997732691682,true,
1,7,7,0.95,0.01,96,1,2,cheek,threat,cheek,fuwo,cheek,0.593255284649401,true,
1,7,7,0.95,0.01,97,2,1,bag,bag,danger,falu,bag,0.999999999999147,true,
1,7,7,0.95,0.01,98,1,2,bag,bag,vitamin,fuwo,bag,0.999999991071633,true,
1,7,7,0.95,0.01,99,2,1,shore,shore,coast,nihatate,shore,0.999991148028126,true,
1,7,7,0.95,0.01,100,1,2,purse,purse,bag,lipu,purse,0.99999811261747,true,
1,7,7,0.95,0.01,101,2,1,vitamin,threat,vitamin,falu,vitamin,0.999999949073634,true,
1,7,7,0.95,0.01,102,1,2,cheek,meter,cheek,fuwo,cheek,1,true,
1,7,7,0.95,0.01,103,2,1,coast,danger,coast,nihatate,coast,0.999999925337623,true,
1,7,7,0.95,0.01,104,1,2,meter,bag,meter,qapamoma,meter,0.999997629243418,true,
1,7,7,0.95,0.01,105,2,1,shore,danger,shore,nihatate,shore,0.999999999931653,true,
1,7,7,0.95,0.01,106,1,2,cheek,shore,cheek,fuwo,cheek,1,true,
1,7,7,0.95,0.01,107,2,1,vitamin,coast,vitamin,falu,vitamin,0.999999974762544,true,
1,7,7,0.95,0.01,108,1,2,cheek,purse,cheek,fuwo,cheek,1,true,
1,7,7,0.95,0.01,109,2,1,coast,coast,cheek,nihatate,coast,1,true,
1,7,7,0.95,0.01,110,1,2,cheek,coast,cheek,fuwo,cheek,0.999999999999982,true,
1,7,7,0.95,0.01,111,2,1,threat,threat,vitamin,hene,threat,0.999999999999996,true,
1,7,7,0.95,0.01,112,1,2,vitamin,vitamin,cheek,falu,vitamin,1,true,
1,7,7,0.95,0.01,113,2,1,purse,purse,meter,lipu,purse,1,true,
1,7,7,0.95,0.01,114,1,2,game,danger,game,loqi,game,0.999040867020334,true,
1,7,7,0.95,0.01,115,2,1,coast,coast,meter,nihatate,coast,1,true,
1,7,7,0.95,0.01,116,1,2,game,threat,game,loqi,game,0.999999999998467,true,
1,7,7,0.95,0.01,117,2,1,danger,danger,coast,hene,danger,0.999999999788567,true,
1,7,7,0.95,0.01,118,1,2,threat,threat,cheek,hene,threat,0.999999999999982,true,
1,7,7,0.95,0.01,119,2,1,cheek,bag,cheek,fuwo,cheek,0.99999974827006,true,
1,7,7,0.95,0.01,120,1,2,shore,shore,vitamin,nihatate,shore,1,true,
2,7,7,0.95,0.01,0,1,2,threat,threat,coast,qapamoma,threat,0.562611097039347,true,
2,7,7,0.95,0.01,1,2,1,bag,bag,coast,falu,coast,0.044136976756736,false,
2,7,7,0.95,0.01,2,1,2,coast,coast,meter,loqi,meter,9.17833398214431E-09,false,
2,7,7,0.95,0.01,3,2,1,shore,shore,cheek,loqi,shore,0.869052878379173,true,
2,7,7,0.95,0.01,4,1,2,purse,purse,cheek,falu,cheek,0.200324571866157,false,
2,7,7,0.95,0.01,5,2,1,game,coast,game,nihatate,coast,0.003330970938764,false,
2,7,7,0.95,0.01,6,1,2,purse,purse,threat,hene,purse,0.877944878952423,true,
2,7,7,0.95,0.01,7,2,1,meter,shore,meter,lipu,shore,1.73863664291721E-12,false,
2,7,7,0.95,0.01,8,1,2,danger,danger,cheek,fuwo,cheek,0.867516146058438,false,
2,7,7,0.95,0.01,9,2,1,threat,threat,game,hene,game,6.67235705132339E-05,false,
2,7,7,0.95,0.01,10,1,2,coast,purse,coast,nihatate,purse,0.074954243584945,false,
2,7,7,0.95,0.01,11,2,1,vitamin,bag,vitamin,qapamoma,bag,0.428136696024431,false,
2,7,7,0.95,0.01,12,1,2,bag,bag,danger,fuwo,danger,2.70401673219847E-08,false,
2,7,7,0.95,0.01,13,2,1,danger,danger,meter,fuwo,danger,0.999999999700535,true,
2,7,7,0.95,0.01,14,1,2,vitamin,danger,vitamin,qapamoma,vitamin,0.999999999432866,true,
2,7,7,0.95,0.01,15,2,1,meter,bag,meter,falu,bag,7.67654670005999E-09,false,
2,7,7,0.95,0.01,16,1,2,cheek,threat,cheek,falu,threat,0.03863599018566,false,
2,7,7,0.95,0.01,17,2,1,purse,purse,vitamin,hene,purse,0.999999999999893,true,
2,7,7,0.95,0.01,18,1,2,shore,shore,vitamin,loqi,shore,0.999843833016289,true,
2,7,7,0.95,0.01,19,2,1,meter,meter,vitamin,lipu,meter,0.999999999999998,true,
2,7,7,0.95,0.01,20,1,2,game,meter,game,nihatate,game,0.999990058742046,true,
2,7,7,0.95,0.01,21,2,1,shore,shore,coast,loqi,shore,0.999999875653303,true,
2,7,7,0.95,0.01,22,1,2,purse,purse,meter,hene,purse,1,true,
2,7,7,0.95,0.01,23,2,1,game,game,vitamin,nihatate,game,1,true,
2,7,7,0.95,0.01,24,1,2,threat,threat,meter,falu,threat,0.999999999995818,true,
2,7,7,0.95,0.01,25,2,1,threat,threat,shore,falu,threat,1,true,
2,7,7,0.95,0.01,26,1,2,game,purse,game,nihatate,game,0.999999999999872,true,
2,7,7,0.95,0.01,27,2,1,danger,danger,shore,fuwo,danger,0.999999999999996,true,
2,7,7,0.95,0.01,28,1,2,danger,purse,danger,fuwo,danger,0.999999999999932,true,
2,7,7,0.95,0.01,29,2,1,cheek,coast,cheek,nihatate,coast,0.459331593544431,false,
2,7,7,0.95,0.01,30,1,2,coast,danger,coast,loqi,coast,0.999999999999995,true,
2,7,7,0.95,0.01,31,2,1,vitamin,coast,vitamin,qapamoma,vitamin,0.999999999999999,true,
2,7,7,0.95,0.01,32,1,2,vitamin,threat,vitamin,qapamoma,vitamin,0.999999999997354,true,
2,7,7,0.95,0.01,33,2,1,bag,bag,cheek,hene,cheek,0.401935817611551,false,
2,7,7,0.95,0.01,34,1,2,danger,danger,game,fuwo,danger,1,true,
2,7,7,0.95,0.01,35,2,1,bag,bag,shore,falu,bag,0.986494542045062,true,
2,7,7,0.95,0.01,36,1,2,shore,shore,game,loqi,shore,1,true,
2,7,7,0.95,0.01,37,2,1,cheek,meter,cheek,hene,cheek,0.93868329054879,true,
2,7,7,0.95,0.01,38,1,2,bag,bag,threat,falu,bag,0.999973141521642,true,
2,7,7,0.95,0.01,39,2,1,purse,purse,bag,nihatate,purse,0.998239330763676,true,
2,7,7,0.95,0.01,40,1,2,game,bag,game,nihatate,game,1,true,
2,7,7,0.95,0.01,41,2,1,shore,purse,shore,loqi,shore,0.999950848785259,true,
2,7,7,0.95,0.01,42,1,2,threat,danger,threat,falu,threat,0.999999999987031,true,
2,7,7,0.95,0.01,43,2,1,cheek,vitamin,cheek,hene,cheek,0.999999999999998,true,
2,7,7,0.95,0.01,44,1,2,cheek,game,cheek,hene,cheek,1,true,
2,7,7,0.95,0.01,45,2,1,bag,bag,coast,falu,bag,0.995702837992373,true,
2,7,7,0.95,0.01,46,1,2,bag,bag,threat,falu,bag,0.999997384089497,true,
2,7,7,0.95,0.01,47,2,1,game,meter,game,nihatate,game,0.999999989643616,true,
2,7,7,0.95,0.01,48,1,2,bag,bag,game,falu,bag,1,true,
2,7,7,0.95,0.01,49,2,1,vitamin,bag,vitamin,qapamoma,vitamin,1,true,
2,7,7,0.95,0.01,50,1,2,bag,purse,bag,falu,bag,0.999998605361881,true,
2,7,7,0.95,0.01,51,2,1,bag,bag,game,falu,bag,1,true,
2,7,7,0.95,0.01,52,1,2,purse,purse,shore,lipu,purse,0.999999999768345,true,
2,7,7,0.95,0.01,53,2,1,game,game,cheek,nihatate,game,1,true,
2,7,7,0.95,0.01,54,1,2,danger,bag,danger,fuwo,danger,1,true,
2,7,7,0.95,0.01,55,2,1,coast,threat,coast,loqi,coast,0.99804750236824,true,
2,7,7,0.95,0.01,56,1,2,threat,threat,shore,lipu,threat,0.999434687490793,true,
2,7,7,0.95,0.01,57,2,1,shore,shore,coast,loqi,shore,0.929947777691984,true,
2,7,7,0.95,0.01,58,1,2,danger,danger,cheek,fuwo,danger,1,true,
2,7,7,0.95,0.01,59,2,1,meter,threat,meter,lipu,threat,8.76504074343314E-07,false,
2,7,7,0.95,0.01,60,1,2,cheek,purse,cheek,hene,cheek,0.999998998839907,true,
2,7,7,0.95,0.01,61,2,1,game,game,cheek,nihatate,game,1,true,
2,7,7,0.95,0.01,62,1,2,danger,danger,threat,fuwo,danger,0.9993260963875,true,
2,7,7,0.95,0.01,63,2,1,purse,purse,shore,nihatate,purse,0.999994729752054,true,
2,7,7,0.95,0.01,64,1,2,threat,threat,coast,lipu,threat,0.999998197728465,true,
2,7,7,0.95,0.01,65,2,1,shore,bag,shore,loqi,shore,1,true,
2,7,7,0.95,0.01,66,1,2,meter,purse,meter,falu,purse,0.045212232419383,false,
2,7,7,0.95,0.01,67,2,1,danger,danger,game,fuwo,danger,1,true,
2,7,7,0.95,0.01,68,1,2,game,shore,game,nihatate,game,1,true,
2,7,7,0.95,0.01,69,2,1,purse,purse,danger,falu,purse,1,true,
2,7,7,0.95,0.01,70,1,2,shore,shore,meter,loqi,shore,0.999999058404344,true,
2,7,7,0.95,0.01,71,2,1,vitamin,game,vitamin,qapamoma,vitamin,1,true,
2,7,7,0.95,0.01,72,1,2,meter,meter,game,lipu,meter,0.999999999999989,true,
2,7,7,0.95,0.01,73,2,1,coast,coast,vitamin,loqi,coast,0.999999999880437,true,
2,7,7,0.95,0.01,74,1,2,coast,coast,game,loqi,coast,1,true,
2,7,7,0.95,0.01,75,2,1,shore,shore,game,loqi,shore,1,true,
2,7,7,0.95,0.01,76,1,2,bag,bag,shore,falu,bag,0.999999999991466,true,
2,7,7,0.95,0.01,77,2,1,vitamin,meter,vitamin,qapamoma,vitamin,1,true,
2,7,7,0.95,0.01,78,1,2,danger,danger,threat,fuwo,danger,0.999993866804207,true,
2,7,7,0.95,0.01,79,2,1,danger,danger,meter,fuwo,danger,1,true,
2,7,7,0.95,0.01,80,1,2,shore,shore,cheek,loqi,shore,0.999999995607054,true,
2,7,7,0.95,0.01,81,2,1,danger,danger,vitamin,fuwo,danger,1,true,
2,7,7,0.95,0.01,82,1,2,meter,danger,meter,lipu,meter,0.999999999998408,true,
2,7,7,0.95,0.01,83,2,1,coast,coast,meter,loqi,coast,1,true,
2,7,7,0.95,0.01,84,1,2,game,coast,game,nihatate,game,0.999999999999999,true,
2,7,7,0.95,0.01,85,2,1,shore,shore,meter,loqi,shore,1,true,
2,7,7,0.95,0.01,86,1,2,game,game,vitamin,nihatate,game,1,true,
2,7,7,0.95,0.01,87,2,1,game,threat,game,nihatate,game,0.99999823097742,true,
2,7,7,0.95,0.01,88,1,2,meter,meter,cheek,lipu,meter,0.999811758426206,true,
2,7,7,0.95,0.01,89,2,1,purse,purse,game,falu,purse,1,true,
2,7,7,0.95,0.01,90,1,2,vitamin,danger,vitamin,qapamoma,vitamin,1,true,
2,7,7,0.95,0.01,91,2,1,purse,purse,coast,falu,purse,0.999999163880602,true,
2,7,7,0.95,0.01,92,1,2,purse,purse,game,falu,purse,1,true,
2,7,7,0.95,0.01,93,2,1,meter,bag,meter,lipu,meter,0.999997333275652,true,
2,7,7,0.95,0.01,94,1,2,shore,shore,vitamin,loqi,shore,1,true,
2,7,7,0.95,0.01,95,2,1,danger,danger,cheek,fuwo,danger,0.999999716862303,true,
2,7,7,0.95,0.01,96,1,2,cheek,threat,cheek,hene,cheek,0.436839820386072,true,
2,7,7,0.95,0.01,97,2,1,bag,bag,danger,lipu,bag,0.99999999998715,true,
2,7,7,0.95,0.01,98,1,2,bag,bag,vitamin,loqi,bag,0.999999999999984,true,
2,7,7,0.95,0.01,99,2,1,shore,shore,coast,loqi,shore,0.999997193307065,true,
2,7,7,0.95,0.01,100,1,2,purse,purse,bag,falu,purse,0.999997282313923,true,
2,7,7,0.95,0.01,101,2,1,vitamin,threat,vitamin,qapamoma,vitamin,0.999999618346525,true,
2,7,7,0.95,0.01,102,1,2,cheek,meter,cheek,hene,cheek,1,true,
2,7,7,0.95,0.01,103,2,1,coast,danger,coast,loqi,coast,0.999998491074535,true,
2,7,7,0.95,0.01,104,1,2,meter,bag,meter,lipu,meter,0.999998288847649,true,
2,7,7,0.95,0.01,105,2,1,shore,danger,shore,loqi,shore,0.999999995275612,true,
2,7,7,0.95,0.01,106,1,2,cheek,shore,cheek,hene,cheek,1,true,
2,7,7,0.95,0.01,107,2,1,vitamin,coast,vitamin,qapamoma,vitamin,0.999999887419114,true,
2,7,7,0.95,0.01,108,1,2,cheek,purse,cheek,hene,cheek,1,true,
2,7,7,0.95,0.01,109,2,1,coast,coast,cheek,nihatate,coast,0.999999999999847,true,
2,7,7,0.95,0.01,110,1,2,cheek,coast,cheek,hene,cheek,1,true,
2,7,7,0.95,0.01,111,2,1,threat,threat,vitamin,fuwo,threat,0.999999999999996,true,
2,7,7,0.95,0.01,112,1,2,vitamin,vitamin,cheek,qapamoma,vitamin,1,true,
2,7,7,0.95,0.01,113,2,1,purse,purse,meter,falu,purse,1,true,
2,7,7,0.95,0.01,114,1,2,game,danger,game,fuwo,danger,0.013429541412416,false,
2,7,7,0.95,0.01,115,2,1,coast,coast,meter,nihatate,coast,0.999999999999915,true,
2,7,7,0.95,0.01,116,1,2,game,threat,game,nihatate,game,0.999998854899479,true,
2,7,7,0.95,0.01,117,2,1,danger,danger,coast,fuwo,danger,0.999979229371962,true,
2,7,7,0.95,0.01,118,1,2,threat,threat,cheek,fuwo,threat,1,true,
2,7,7,0.95,0.01,119,2,1,cheek,bag,cheek,hene,cheek,0.999999994164534,true,
2,7,7,0.95,0.01,120,1,2,shore,shore,vitamin,qapamoma,vitamin,5.93969002378774E-18,false,
3,7,7,0.95,0.01,0,1,2,threat,threat,coast,fuwo,threat,0.463307327049729,true,
3,7,7,0.95,0.01,1,2,1,bag,bag,coast,loqi,bag,0.44111639449733,true,
3,7,7,0.95,0.01,2,1,2,coast,coast,meter,lipu,coast,0.236426361069629,true,
3,7,7,0.95,0.01,3,2,1,shore,shore,cheek,lipu,cheek,0.932645480977132,false,
3,7,7,0.95,0.01,4,1,2,purse,purse,cheek,loqi,purse,0.999999999967869,true,
3,7,7,0.95,0.01,5,2,1,game,coast,game,nihatate,game,0.99999998505929,true,
3,7,7,0.95,0.01,6,1,2,purse,purse,threat,loqi,purse,0.999999523799278,true,
3,7,7,0.95,0.01,7,2,1,meter,shore,meter,qapamoma,meter,0.873129197094086,true,
3,7,7,0.95,0.01,8,1,2,danger,danger,cheek,fuwo,danger,0.99999999999898,true,
3,7,7,0.95,0.01,9,2,1,threat,threat,game,fuwo,threat,0.999997212395455,true,
3,7,7,0.95,0.01,10,1,2,coast,purse,coast,lipu,coast,0.999998726710644,true,
3,7,7,0.95,0.01,11,2,1,vitamin,bag,vitamin,falu,bag,0.016842556513505,false,
3,7,7,0.95,0.01,12,1,2,bag,bag,danger,loqi,bag,0.999777359610821,true,
3,7,7,0.95,0.01,13,2,1,danger,danger,meter,fuwo,danger,0.999999997679245,true,
3,7,7,0.95,0.01,14,1,2,vitamin,danger,vitamin,falu,vitamin,0.999999999415109,true,
3,7,7,0.95,0.01,15,2,1,meter,bag,meter,qapamoma,meter,0.999999999991928,true,
3,7,7,0.95,0.01,16,1,2,cheek,threat,cheek,hene,threat,0.000162923119508,false,
3,7,7,0.95,0.01,17,2,1,purse,purse,vitamin,loqi,purse,1,true,
3,7,7,0.95,0.01,18,1,2,shore,shore,vitamin,lipu,shore,0.999996790773124,true,
3,7,7,0.95,0.01,19,2,1,meter,meter,vitamin,qapamoma,meter,1,true,
3,7,7,0.95,0.01,20,1,2,game,meter,game,nihatate,game,1,true,
3,7,7,0.95,0.01,21,2,1,shore,shore,coast,lipu,shore,0.925559500160552,true,
3,7,7,0.95,0.01,22,1,2,purse,purse,meter,loqi,purse,1,true,
3,7,7,0.95,0.01,23,2,1,game,game,vitamin,nihatate,game,1,true,
3,7,7,0.95,0.01,24,1,2,threat,threat,meter,fuwo,threat,1,true,
3,7,7,0.95,0.01,25,2,1,threat,threat,shore,fuwo,threat,0.99999999999972,true,
3,7,7,0.95,0.01,26,1,2,game,purse,game,nihatate,game,1,true,
3,7,7,0.95,0.01,27,2,1,danger,danger,shore,fuwo,danger,0.999999999998886,true,
3,7,7,0.95,0.01,28,1,2,danger,purse,danger,fuwo,danger,1,true,
3,7,7,0.95,0.01,29,2,1,cheek,coast,cheek,hene,cheek,0.999512595526933,true,
3,7,7,0.95,0.01,30,1,2,coast,danger,coast,lipu,coast,0.999999999992735,true,
3,7,7,0.95,0.01,31,2,1,vitamin,coast,vitamin,falu,vitamin,1,true,
3,7,7,0.95,0.01,32,1,2,vitamin,threat,vitamin,falu,vitamin,0.999999999999024,true,
3,7,7,0.95,0.01,33,2,1,bag,bag,cheek,loqi,bag,0.99999979781754,true,
3,7,7,0.95,0.01,34,1,2,danger,danger,game,fuwo,danger,1,true,
3,7,7,0.95,0.01,35,2,1,bag,bag,shore,loqi,bag,0.999999997477047,true,
3,7,7,0.95,0.01,36,1,2,shore,shore,game,lipu,shore,1,true,
3,7,7,0.95,0.01,37,2,1,cheek,meter,cheek,hene,cheek,0.999999967358118,true,
3,7,7,0.95,0.01,38,1,2,bag,bag,threat,loqi,bag,0.999999999914656,true,
3,7,7,0.95,0.01,39,2,1,purse,purse,bag,loqi,bag,5.1210732520278E-05,false,
3,7,7,0.95,0.01,40,1,2,game,bag,game,nihatate,game,1,true,
3,7,7,0.95,0.01,41,2,1,shore,purse,shore,lipu,shore,0.99999995563346,true,
3,7,7,0.95,0.01,42,1,2,threat,danger,threat,fuwo,danger,0.24827750983229,false,
3,7,7,0.95,0.01,43,2,1,cheek,vitamin,cheek,hene,cheek,1,true,
3,7,7,0.95,0.01,44,1,2,cheek,game,cheek,hene,cheek,1,true,
3,7,7,0.95,0.01,45,2,1,bag,bag,coast,loqi,bag,0.999999995715245,true,
3,7,7,0.95,0.01,46,1,2,bag,bag,threat,loqi,bag,1,true,
3,7,7,0.95,0.01,47,2,1,game,meter,game,nihatate,game,0.999999995137451,true,
3,7,7,0.95,0.01,48,1,2,bag,bag,game,loqi,bag,1,true,
3,7,7,0.95,0.01,49,2,1,vitamin,bag,vitamin,falu,vitamin,1,true,
3,7,7,0.95,0.01,50,1,2,bag,purse,bag,loqi,bag,0.999998686666297,true,
3,7,7,0.95,0.01,51,2,1,bag,bag,game,loqi,bag,1,true,
3,7,7,0.95,0.01,52,1,2,purse,purse,shore,nihatate,purse,0.999999999971269,true,
3,7,7,0.95,0.01,53,2,1,game,game,cheek,nihatate,game,1,true,
3,7,7,0.95,0.01,54,1,2,danger,bag,danger,fuwo,danger,1,true,
3,7,7,0.95,0.01,55,2,1,coast,threat,coast,qapamoma,threat,0.005673860624548,false,
3,7,7,0.95,0.01,56,1,2,threat,threat,shore,qapamoma,threat,0.999999999678098,true,
3,7,7,0.95,0.01,57,2,1,shore,shore,coast,lipu,shore,0.974622509846979,true,
3,7,7,0.95,0.01,58,1,2,danger,danger,cheek,fuwo,danger,1,true,
3,7,7,0.95,0.01,59,2,1,meter,threat,meter,lipu,meter,0.999999999992653,true,
3,7,7,0.95,0.01,60,1,2,cheek,purse,cheek,hene,cheek,0.999998401072239,true,
3,7,7,0.95,0.01,61,2,1,game,game,cheek,nihatate,game,1,true,
3,7,7,0.95,0.01,62,1,2,danger,danger,threat,fuwo,threat,0.324745059524293,false,
3,7,7,0.95,0.01,63,2,1,purse,purse,shore,fuwo,purse,0.987894455468995,true,
3,7,7,0.95,0.01,64,1,2,threat,threat,coast,fuwo,threat,0.998860438925462,true,
3,7,7,0.95,0.01,65,2,1,shore,bag,shore,lipu,shore,1,true,
3,7,7,0.95,0.01,66,1,2,meter,purse,meter,lipu,meter,0.163670606247325,true,
3,7,7,0.95,0.01,67,2,1,danger,danger,game,fuwo,danger,0.999999932305932,true,
3,7,7,0.95,0.01,68,1,2,game,shore,game,nihatate,game,0.999999999999999,true,
3,7,7,0.95,0.01,69,2,1,purse,purse,danger,falu,purse,0.960125754403161,true,
3,7,7,0.95,0.01,70,1,2,shore,shore,meter,loqi,meter,6.63350067070712E-05,false,
3,7,7,0.95,0.01,71,2,1,vitamin,game,vitamin,falu,vitamin,1,true,
3,7,7,0.95,0.01,72,1,2,meter,meter,game,lipu,meter,1,true,
3,7,7,0.95,0.01,73,2,1,coast,coast,vitamin,loqi,coast,0.99999999687304,true,
3,7,7,0.95,0.01,74,1,2,coast,coast,game,nihatate,game,2.13520132038516E-19,false,
3,7,7,0.95,0.01,75,2,1,shore,shore,game,loqi,shore,1,true,
3,7,7,0.95,0.01,76,1,2,bag,bag,shore,falu,bag,0.999999999997712,true,
3,7,7,0.95,0.01,77,2,1,vitamin,meter,vitamin,falu,vitamin,1,true,
3,7,7,0.95,0.01,78,1,2,danger,danger,threat,fuwo,danger,0.999822760568378,true,
3,7,7,0.95,0.01,79,2,1,danger,danger,meter,fuwo,danger,1,true,
3,7,7,0.95,0.01,80,1,2,shore,shore,cheek,fuwo,cheek,2.48802519563169E-07,false,
3,7,7,0.95,0.01,81,2,1,danger,danger,vitamin,fuwo,danger,0.999999996461264,true,
3,7,7,0.95,0.01,82,1,2,meter,danger,meter,lipu,meter,1,true,
3,7,7,0.95,0.01,83,2,1,coast,coast,meter,loqi,coast,0.999495179262103,true,
3,7,7,0.95,0.01,84,1,2,game,coast,game,nihatate,game,0.999999999998204,true,
3,7,7,0.95,0.01,85,2,1,shore,shore,meter,loqi,shore,0.999999279487758,true,
3,7,7,0.95,0.01,86,1,2,game,game,vitamin,nihatate,game,1,true,
3,7,7,0.95,0.01,87,2,1,game,threat,game,nihatate,game,0.999999969947498,true,
3,7,7,0.95,0.01,88,1,2,meter,meter,cheek,lipu,meter,0.999999969169025,true,
3,7,7,0.95,0.01,89,2,1,purse,purse,game,hene,purse,0.999999999997691,true,
3,7,7,0.95,0.01,90,1,2,vitamin,danger,vitamin,falu,vitamin,1,true,
3,7,7,0.95,0.01,91,2,1,purse,purse,coast,hene,purse,0.999998860455562,true,
3,7,7,0.95,0.01,92,1,2,purse,purse,game,hene,purse,1,true,
3,7,7,0.95,0.01,93,2,1,meter,bag,meter,lipu,meter,0.999999490694361,true,
3,7,7,0.95,0.01,94,1,2,shore,shore,vitamin,loqi,shore,1,true,
3,7,7,0.95,0.01,95,2,1,danger,danger,cheek,fuwo,danger,0.997000597935281,true,
3,7,7,0.95,0.01,96,1,2,cheek,threat,cheek,qapamoma,threat,0.534117878222574,false,
3,7,7,0.95,0.01,97,2,1,bag,bag,danger,lipu,bag,0.999999999208628,true,
3,7,7,0.95,0.01,98,1,2,bag,bag,vitamin,falu,vitamin,1.7269101398039E-05,false,
3,7,7,0.95,0.01,99,2,1,shore,shore,coast,loqi,shore,0.999907587951486,true,
3,7,7,0.95,0.01,100,1,2,purse,purse,bag,hene,purse,0.999996762390186,true,
3,7,7,0.95,0.01,101,2,1,vitamin,threat,vitamin,falu,vitamin,0.99999999999923,true,
3,7,7,0.95,0.01,102,1,2,cheek,meter,cheek,qapamoma,cheek,1,true,
3,7,7,0.95,0.01,103,2,1,coast,danger,coast,loqi,coast,0.999999328791069,true,
3,7,7,0.95,0.01,104,1,2,meter,bag,meter,lipu,meter,0.999998709534086,true,
3,7,7,0.95,0.01,105,2,1,shore,danger,shore,loqi,shore,0.999999999714063,true,
3,7,7,0.95,0.01,106,1,2,cheek,shore,cheek,qapamoma,cheek,1,true,
3,7,7,0.95,0.01,107,2,1,vitamin,coast,vitamin,falu,vitamin,0.999999930782019,true,
3,7,7,0.95,0.01,108,1,2,cheek,purse,cheek,qapamoma,cheek,1,true,
3,7,7,0.95,0.01,109,2,1,coast,coast,cheek,fuwo,coast,0.999999999999868,true,
3,7,7,0.95,0.01,110,1,2,cheek,coast,cheek,qapamoma,cheek,0.999999999999999,true,
3,7,7,0.95,0.01,111,2,1,threat,threat,vitamin,nihatate,threat,0.999999999999961,true,
3,7,7,0.95,0.01,112,1,2,vitamin,vitamin,cheek,falu,vitamin,1,true,
3,7,7,0.95,0.01,113,2,1,purse,purse,meter,hene,purse,1,true,
3,7,7,0.95,0.01,114,1,2,game,danger,game,fuwo,game,0.864869500125967,true,
3,7,7,0.95,0.01,115,2,1,coast,coast,meter,fuwo,coast,0.999999999999979,true,
3,7,7,0.95,0.01,116,1,2,game,threat,game,fuwo,game,0.999999999991649,true,
3,7,7,0.95,0.01,117,2,1,danger,danger,coast,lipu,coast,0.13860052231496,false,
3,7,7,0.95,0.01,118,1,2,threat,threat,cheek,nihatate,threat,1,true,
3,7,7,0.95,0.01,119,2,1,cheek,bag,cheek,qapamoma,cheek,0.99999992784835,true,
3,7,7,0.95,0.01,120,1,2,shore,shore,vitamin,loqi,shore,1,true,
4,7,7,0.95,0.01,0,1,2,threat,threat,coast,falu,threat,0.663820091875265,true,
4,7,7,0.95,0.01,1,2,1,bag,bag,coast,lipu,coast,0.576353425106612,false,
4,7,7,0.95,0.01,2,1,2,coast,coast,meter,hene,meter,1.03250084639341E-06,false,
4,7,7,0.95,0.01,3,2,1,shore,shore,cheek,hene,cheek,0.139072587996118,false,
4,7,7,0.95,0.01,4,1,2,purse,purse,cheek,lipu,purse,0.999999997213543,true,
4,7,7,0.95,0.01,5,2,1,game,coast,game,falu,coast,0.000365014656618,false,
4,7,7,0.95,0.01,6,1,2,purse,purse,threat,lipu,purse,0.99963025315161,true,
4,7,7,0.95,0.01,7,2,1,meter,shore,meter,qapamoma,shore,3.03461667271088E-11,false,
4,7,7,0.95,0.01,8,1,2,danger,danger,cheek,loqi,danger,0.99999999956044,true,
4,7,7,0.95,0.01,9,2,1,threat,threat,game,hene,game,5.8138977581018E-07,false,
4,7,7,0.95,0.01,10,1,2,coast,purse,coast,hene,purse,0.005765554499232,false,
4,7,7,0.95,0.01,11,2,1,vitamin,bag,vitamin,nihatate,bag,0.029526882210055,false,
4,7,7,0.95,0.01,12,1,2,bag,bag,danger,lipu,danger,0.005828090380451,false,
4,7,7,0.95,0.01,13,2,1,danger,danger,meter,loqi,danger,0.999999999632934,true,
4,7,7,0.95,0.01,14,1,2,vitamin,danger,vitamin,nihatate,vitamin,0.999999994041897,true,
4,7,7,0.95,0.01,15,2,1,meter,bag,meter,qapamoma,meter,0.999941178853394,true,
4,7,7,0.95,0.01,16,1,2,cheek,threat,cheek,fuwo,threat,0.000554400278653,false,
4,7,7,0.95,0.01,17,2,1,purse,purse,vitamin,lipu,purse,1,true,
4,7,7,0.95,0.01,18,1,2,shore,shore,vitamin,falu,shore,0.999989360853408,true,
4,7,7,0.95,0.01,19,2,1,meter,meter,vitamin,qapamoma,meter,1,true,
4,7,7,0.95,0.01,20,1,2,game,meter,game,falu,game,0.999971231990288,true,
4,7,7,0.95,0.01,21,2,1,shore,shore,coast,falu,shore,0.613019061941978,true,
4,7,7,0.95,0.01,22,1,2,purse,purse,meter,lipu,purse,1,true,
4,7,7,0.95,0.01,23,2,1,game,game,vitamin,falu,game,1,true,
4,7,7,0.95,0.01,24,1,2,threat,threat,meter,fuwo,threat,0.999999999999989,true,
4,7,7,0.95,0.01,25,2,1,threat,threat,shore,fuwo,threat,0.999911701238124,true,
4,7,7,0.95,0.01,26,1,2,game,purse,game,falu,game,1,true,
4,7,7,0.95,0.01,27,2,1,danger,danger,shore,loqi,shore,0.755082457294756,false,
4,7,7,0.95,0.01,28,1,2,danger,purse,danger,loqi,danger,0.999999999999979,true,
4,7,7,0.95,0.01,29,2,1,cheek,coast,cheek,fuwo,coast,0.047973451533343,false,
4,7,7,0.95,0.01,30,1,2,coast,danger,coast,qapamoma,coast,0.968437356939742,true,
4,7,7,0.95,0.01,31,2,1,vitamin,coast,vitamin,nihatate,vitamin,0.999999999999996,true,
4,7,7,0.95,0.01,32,1,2,vitamin,threat,vitamin,nihatate,vitamin,1,true,
4,7,7,0.95,0.01,33,2,1,bag,bag,cheek,lipu,cheek,0.397224032065659,false,
4,7,7,0.95,0.01,34,1,2,danger,danger,game,loqi,danger,1,true,
4,7,7,0.95,0.01,35,2,1,bag,bag,shore,lipu,bag,0.999281884857264,true,
4,7,7,0.95,0.01,36,1,2,shore,shore,game,hene,shore,0.999999999995545,true,
4,7,7,0.95,0.01,37,2,1,cheek,meter,cheek,fuwo,cheek,0.998939020067331,true,
4,7,7,0.95,0.01,38,1,2,bag,bag,threat,lipu,bag,0.903833086792256,true,
4,7,7,0.95,0.01,39,2,1,purse,purse,bag,lipu,bag,2.74148178049303E-05,false,
4,7,7,0.95,0.01,40,1,2,game,bag,game,falu,game,1,true,
4,7,7,0.95,0.01,41,2,1,shore,purse,shore,loqi,purse,6.6756799143897E-05,false,
4,7,7,0.95,0.01,42,1,2,threat,danger,threat,fuwo,threat,0.998076248162541,true,
4,7,7,0.95,0.01,43,2,1,cheek,vitamin,cheek,fuwo,cheek,1,true,
4,7,7,0.95,0.01,44,1,2,cheek,game,cheek,loqi,cheek,0.573877563911827,true,
4,7,7,0.95,0.01,45,2,1,bag,bag,coast,lipu,bag,0.999999980674734,true,
4,7,7,0.95,0.01,46,1,2,bag,bag,threat,lipu,bag,0.999997642326664,true,
4,7,7,0.95,0.01,47,2,1,game,meter,game,falu,game,0.999999999591082,true,
4,7,7,0.95,0.01,48,1,2,bag,bag,game,lipu,bag,1,true,
4,7,7,0.95,0.01,49,2,1,vitamin,bag,vitamin,nihatate,vitamin,1,true,
4,7,7,0.95,0.01,50,1,2,bag,purse,bag,lipu,bag,0.999999313806187,true,
4,7,7,0.95,0.01,51,2,1,bag,bag,game,lipu,bag,1,true,
4,7,7,0.95,0.01,52,1,2,purse,purse,shore,loqi,purse,0.986924556823412,true,
4,7,7,0.95,0.01,53,2,1,game,game,cheek,falu,game,0.999999999915508,true,
4,7,7,0.95,0.01,54,1,2,danger,bag,danger,loqi,danger,0.999999999999996,true,
4,7,7,0.95,0.01,55,2,1,coast,threat,coast,hene,coast,0.999999999204284,true,
4,7,7,0.95,0.01,56,1,2,threat,threat,shore,fuwo,threat,0.999509380785572,true,
4,7,7,0.95,0.01,57,2,1,shore,shore,coast,hene,shore,0.244003581072405,true,
4,7,7,0.95,0.01,58,1,2,danger,danger,cheek,loqi,danger,0.980535267957321,true,
4,7,7,0.95,0.01,59,2,1,meter,threat,meter,qapamoma,meter,0.999999999999471,true,
4,7,7,0.95,0.01,60,1,2,cheek,purse,cheek,fuwo,cheek,0.999618343620775,true,
4,7,7,0.95,0.01,61,2,1,game,game,cheek,falu,game,1,true,
4,7,7,0.95,0.01,62,1,2,danger,danger,threat,loqi,danger,0.941110761064047,true,
4,7,7,0.95,0.01,63,2,1,purse,purse,shore,loqi,purse,0.977673897024204,true,
4,7,7,0.95,0.01,64,1,2,threat,threat,coast,fuwo,threat,0.999996746384741,true,
4,7,7,0.95,0.01,65,2,1,shore,bag,shore,hene,shore,1,true,
4,7,7,0.95,0.01,66,1,2,meter,purse,meter,qapamoma,meter,1,true,
4,7,7,0.95,0.01,67,2,1,danger,danger,game,loqi,danger,1,true,
4,7,7,0.95,0.01,68,1,2,game,shore,game,falu,game,1,true,
4,7,7,0.95,0.01,69,2,1,purse,purse,danger,loqi,danger,3.48542054896576E-06,false,
4,7,7,0.95,0.01,70,1,2,shore,shore,meter,hene,shore,1,true,
4,7,7,0.95,0.01,71,2,1,vitamin,game,vitamin,nihatate,vitamin,1,true,
4,7,7,0.95,0.01,72,1,2,meter,meter,game,qapamoma,meter,1,true,
4,7,7,0.95,0.01,73,2,1,coast,coast,vitamin,fuwo,coast,0.999999999961584,true,
4,7,7,0.95,0.01,74,1,2,coast,coast,game,qapamoma,coast,0.999999123036468,true,
4,7,7,0.95,0.01,75,2,1,shore,shore,game,hene,shore,1,true,
4,7,7,0.95,0.01,76,1,2,bag,bag,shore,qapamoma,bag,0.999999999999975,true,
4,7,7,0.95,0.01,77,2,1,vitamin,meter,vitamin,nihatate,vitamin,1,true,
4,7,7,0.95,0.01,78,1,2,danger,danger,threat,loqi,danger,0.999999495049238,true,
4,7,7,0.95,0.01,79,2,1,danger,danger,meter,loqi,danger,1,true,
4,7,7,0.95,0.01,80,1,2,shore,shore,cheek,hene,shore,0.99999999492781,true,
4,7,7,0.95,0.01,81,2,1,danger,danger,vitamin,loqi,danger,1,true,
4,7,7,0.95,0.01,82,1,2,meter,danger,meter,qapamoma,meter,1,true,
4,7,7,0.95,0.01,83,2,1,coast,coast,meter,qapamoma,meter,7.18895703613083E-07,false,
4,7,7,0.95,0.01,84,1,2,game,coast,game,falu,game,0.999960807062674,true,
4,7,7,0.95,0.01,85,2,1,shore,shore,meter,hene,shore,1,true,
4,7,7,0.95,0.01,86,1,2,game,game,vitamin,falu,game,1,true,
4,7,7,0.95,0.01,87,2,1,game,threat,game,falu,game,0.999999747085699,true,
4,7,7,0.95,0.01,88,1,2,meter,meter,cheek,qapamoma,meter,0.99999999955591,true,
4,7,7,0.95,0.01,89,2,1,purse,purse,game,lipu,purse,0.999999999999897,true,
4,7,7,0.95,0.01,90,1,2,vitamin,danger,vitamin,nihatate,vitamin,1,true,
4,7,7,0.95,0.01,91,2,1,purse,purse,coast,lipu,purse,0.869584855921291,true,
4,7,7,0.95,0.01,92,1,2,purse,purse,game,lipu,purse,1,true,
4,7,7,0.95,0.01,93,2,1,meter,bag,meter,qapamoma,meter,0.999999801867836,true,
4,7,7,0.95,0.01,94,1,2,shore,shore,vitamin,hene,shore,1,true,
4,7,7,0.95,0.01,95,2,1,danger,danger,cheek,loqi,danger,0.999999779324105,true,
4,7,7,0.95,0.01,96,1,2,cheek,threat,cheek,fuwo,cheek,0.716985795106765,true,
4,7,7,0.95,0.01,97,2,1,bag,bag,danger,lipu,bag,0.99999999999997,true,
4,7,7,0.95,0.01,98,1,2,bag,bag,vitamin,lipu,bag,0.99999999999998,true,
4,7,7,0.95,0.01,99,2,1,shore,shore,coast,hene,shore,0.999996273195526,true,
4,7,7,0.95,0.01,100,1,2,purse,purse,bag,lipu,purse,0.997164100012529,true,
4,7,7,0.95,0.01,101,2,1,vitamin,threat,vitamin,nihatate,vitamin,0.999999440736471,true,
4,7,7,0.95,0.01,102,1,2,cheek,meter,cheek,fuwo,cheek,1,true,
4,7,7,0.95,0.01,103,2,1,coast,danger,coast,hene,coast,0.999999863829388,true,
4,7,7,0.95,0.01,104,1,2,meter,bag,meter,qapamoma,meter,0.999999999743832,true,
4,7,7,0.95,0.01,105,2,1,shore,danger,shore,hene,shore,0.999999999786689,true,
4,7,7,0.95,0.01,106,1,2,cheek,shore,cheek,fuwo,cheek,1,true,
4,7,7,0.95,0.01,107,2,1,vitamin,coast,vitamin,nihatate,vitamin,0.999997944289561,true,
4,7,7,0.95,0.01,108,1,2,cheek,purse,cheek,fuwo,cheek,1,true,
4,7,7,0.95,0.01,109,2,1,coast,coast,cheek,qapamoma,coast,0.999999999999972,true,
4,7,7,0.95,0.01,110,1,2,cheek,coast,cheek,fuwo,cheek,0.99999999999674,true,
4,7,7,0.95,0.01,111,2,1,threat,threat,vitamin,loqi,threat,0.999999999999995,true,
4,7,7,0.95,0.01,112,1,2,vitamin,vitamin,cheek,nihatate,vitamin,1,true,
4,7,7,0.95,0.01,113,2,1,purse,purse,meter,lipu,purse,1,true,
4,7,7,0.95,0.01,114,1,2,game,danger,game,falu,game,0.999692616274786,true,
4,7,7,0.95,0.01,115,2,1,coast,coast,meter,qapamoma,meter,2.28843360189822E-06,false,
4,7,7,0.95,0.01,116,1,2,game,threat,game,falu,game,0.999999999979785,true,
4,7,7,0.95,0.01,117,2,1,danger,danger,coast,loqi,danger,0.99266277672415,true,
4,7,7,0.95,0.01,118,1,2,threat,threat,cheek,loqi,threat,1,true,
4,7,7,0.95,0.01,119,2,1,cheek,bag,cheek,fuwo,cheek,0.999999999999263,true,
4,7,7,0.95,0.01,120,1,2,shore,shore,vitamin,loqi,shore,0.999902474788061,true,
5,7,7,0.95,0.01,0,1,2,threat,threat,coast,loqi,threat,0.327219675644488,true,
5,7,7,0.95,0.01,1,2,1,bag,bag,coast,lipu,coast,0.033227513516364,false,
5,7,7,0.95,0.01,2,1,2,coast,coast,meter,falu,meter,7.76706943704407E-09,false,
5,7,7,0.95,0.01,3,2,1,shore,shore,cheek,falu,shore,0.813305367952417,true,
5,7,7,0.95,0.01,4,1,2,purse,purse,cheek,lipu,purse,0.428017661830279,true,
5,7,7,0.95,0.01,5,2,1,game,coast,game,hene,coast,0.003181732282825,false,
5,7,7,0.95,0.01,6,1,2,purse,purse,threat,lipu,purse,0.999997237364612,true,
5,7,7,0.95,0.01,7,2,1,meter,shore,meter,loqi,shore,1.3626793160976E-13,false,
5,7,7,0.95,0.01,8,1,2,danger,danger,cheek,nihatate,danger,0.973056862785121,true,
5,7,7,0.95,0.01,9,2,1,threat,threat,game,nihatate,game,0.155882962349397,false,
5,7,7,0.95,0.01,10,1,2,coast,purse,coast,qapamoma,purse,0.004997026219292,false,
5,7,7,0.95,0.01,11,2,1,vitamin,bag,vitamin,fuwo,bag,0.029751400739134,false,
5,7,7,0.95,0.01,12,1,2,bag,bag,danger,falu,danger,3.28123111072672E-11,false,
5,7,7,0.95,0.01,13,2,1,danger,danger,meter,nihatate,danger,0.999999994205751,true,
5,7,7,0.95,0.01,14,1,2,vitamin,danger,vitamin,fuwo,vitamin,0.794508256929458,true,
5,7,7,0.95,0.01,15,2,1,meter,bag,meter,fuwo,bag,1.80334557955931E-05,false,
5,7,7,0.95,0.01,16,1,2,cheek,threat,cheek,loqi,threat,0.003264723691106,false,
5,7,7,0.95,0.01,17,2,1,purse,purse,vitamin,lipu,purse,1,true,
5,7,7,0.95,0.01,18,1,2,shore,shore,vitamin,falu,vitamin,0.111191056115822,false,
5,7,7,0.95,0.01,19,2,1,meter,meter,vitamin,qapamoma,meter,1,true,
5,7,7,0.95,0.01,20,1,2,game,meter,game,hene,game,0.999997713476538,true,
5,7,7,0.95,0.01,21,2,1,shore,shore,coast,falu,shore,0.908367417855097,true,
5,7,7,0.95,0.01,22,1,2,purse,purse,meter,lipu,purse,1,true,
5,7,7,0.95,0.01,23,2,1,game,game,vitamin,hene,game,1,true,
5,7,7,0.95,0.01,24,1,2,threat,threat,meter,loqi,threat,0.999999999999964,true,
5,7,7,0.95,0.01,25,2,1,threat,threat,shore,loqi,threat,0.999995714322898,true,
5,7,7,0.95,0.01,26,1,2,game,purse,game,hene,game,1,true,
5,7,7,0.95,0.01,27,2,1,danger,danger,shore,nihatate,danger,0.996361591444471,true,
5,7,7,0.95,0.01,28,1,2,danger,purse,danger,nihatate,danger,1,true,
5,7,7,0.95,0.01,29,2,1,cheek,coast,cheek,loqi,coast,0.065669706520207,false,
5,7,7,0.95,0.01,30,1,2,coast,danger,coast,falu,coast,0.999999999999879,true,
5,7,7,0.95,0.01,31,2,1,vitamin,coast,vitamin,fuwo,vitamin,0.999999999999999,true,
5,7,7,0.95,0.01,32,1,2,vitamin,threat,vitamin,fuwo,vitamin,0.999999999996752,true,
5,7,7,0.95,0.01,33,2,1,bag,bag,cheek,lipu,bag,0.703088286530503,true,
5,7,7,0.95,0.01,34,1,2,danger,danger,game,nihatate,danger,1,true,
5,7,7,0.95,0.01,35,2,1,bag,bag,shore,lipu,bag,0.999652118086146,true,
5,7,7,0.95,0.01,36,1,2,shore,shore,game,qapamoma,shore,0.99999986638902,true,
5,7,7,0.95,0.01,37,2,1,cheek,meter,cheek,loqi,cheek,0.86365248361761,true,
5,7,7,0.95,0.01,38,1,2,bag,bag,threat,lipu,bag,0.999999682454772,true,
5,7,7,0.95,0.01,39,2,1,purse,purse,bag,lipu,bag,2.55715117452395E-05,false,
5,7,7,0.95,0.01,40,1,2,game,bag,game,hene,game,1,true,
5,7,7,0.95,0.01,41,2,1,shore,purse,shore,falu,purse,0.093380206679725,false,
5,7,7,0.95,0.01,42,1,2,threat,danger,threat,loqi,threat,0.999999999904672,true,
5,7,7,0.95,0.01,43,2,1,cheek,vitamin,cheek,loqi,cheek,0.999999999999995,true,
5,7,7,0.95,0.01,44,1,2,cheek,game,cheek,loqi,cheek,1,true,
5,7,7,0.95,0.01,45,2,1,bag,bag,coast,lipu,bag,0.99999999997382,true,
5,7,7,0.95,0.01,46,1,2,bag,bag,threat,lipu,bag,0.999992826273832,true,
5,7,7,0.95,0.01,47,2,1,game,meter,game,hene,game,0.999999998240134,true,
5,7,7,0.95,0.01,48,1,2,bag,bag,game,lipu,bag,1,true,
5,7,7,0.95,0.01,49,2,1,vitamin,bag,vitamin,fuwo,vitamin,1,true,
5,7,7,0.95,0.01,50,1,2,bag,purse,bag,lipu,bag,0.99999959526595,true,
5,7,7,0.95,0.01,51,2,1,bag,bag,game,lipu,bag,1,true,
5,7,7,0.95,0.01,52,1,2,purse,purse,shore,loqi,purse,0.986220576053477,true,
5,7,7,0.95,0.01,53,2,1,game,game,cheek,hene,game,1,true,
5,7,7,0.95,0.01,54,1,2,danger,bag,danger,nihatate,danger,1,true,
5,7,7,0.95,0.01,55,2,1,coast,threat,coast,qapamoma,coast,0.88249442012791,true,
5,7,7,0.95,0.01,56,1,2,threat,threat,shore,loqi,threat,0.995045593067196,true,
5,7,7,0.95,0.01,57,2,1,shore,shore,coast,qapamoma,coast,0.056197680312464,false,
5,7,7,0.95,0.01,58,1,2,danger,danger,cheek,nihatate,danger,0.999999999999993,true,
5,7,7,0.95,0.01,59,2,1,meter,threat,meter,falu,meter,0.999999999996831,true,
5,7,7,0.95,0.01,60,1,2,cheek,purse,cheek,loqi,cheek,0.999993715180908,true,
5,7,7,0.95,0.01,61,2,1,game,game,cheek,hene,game,1,true,
5,7,7,0.95,0.01,62,1,2,danger,danger,threat,nihatate,danger,0.964193596838079,true,
5,7,7,0.95,0.01,63,2,1,purse,purse,shore,hene,purse,0.9752934707439,true,
5,7,7,0.95,0.01,64,1,2,threat,threat,coast,qapamoma,coast,2.48099724484119E-06,false,
5,7,7,0.95,0.01,65,2,1,shore,bag,shore,nihatate,shore,0.999999999999989,true,
5,7,7,0.95,0.01,66,1,2,meter,purse,meter,falu,meter,0.999995204721435,true,
5,7,7,0.95,0.01,67,2,1,danger,danger,game,qapamoma,game,9.23701094253339E-05,false,
5,7,7,0.95,0.01,68,1,2,game,shore,game,hene,game,1,true,
5,7,7,0.95,0.01,69,2,1,purse,purse,danger,loqi,purse,0.999999999999783,true,
5,7,7,0.95,0.01,70,1,2,shore,shore,meter,falu,meter,1.50614446510992E-17,false,
5,7,7,0.95,0.01,71,2,1,vitamin,game,vitamin,fuwo,vitamin,1,true,
5,7,7,0.95,0.01,72,1,2,meter,meter,game,falu,meter,1,true,
5,7,7,0.95,0.01,73,2,1,coast,coast,vitamin,qapamoma,coast,0.999999999998771,true,
5,7,7,0.95,0.01,74,1,2,coast,coast,game,qapamoma,coast,1,true,
5,7,7,0.95,0.01,75,2,1,shore,shore,game,hene,game,1.97596119695306E-06,false,
5,7,7,0.95,0.01,76,1,2,bag,bag,shore,lipu,shore,0.269937707416517,false,
5,7,7,0.95,0.01,77,2,1,vitamin,meter,vitamin,fuwo,vitamin,1,true,
5,7,7,0.95,0.01,78,1,2,danger,danger,threat,nihatate,danger,0.863621971230888,true,
5,7,7,0.95,0.01,79,2,1,danger,danger,meter,nihatate,danger,1,true,
5,7,7,0.95,0.01,80,1,2,shore,shore,cheek,lipu,shore,0.993078131101795,true,
5,7,7,0.95,0.01,81,2,1,danger,danger,vitamin,nihatate,danger,1,true,
5,7,7,0.95,0.01,82,1,2,meter,danger,meter,falu,meter,1,true,
5,7,7,0.95,0.01,83,2,1,coast,coast,meter,qapamoma,coast,1,true,
5,7,7,0.95,0.01,84,1,2,game,coast,game,hene,game,1,true,
5,7,7,0.95,0.01,85,2,1,shore,shore,meter,lipu,shore,1,true,
5,7,7,0.95,0.01,86,1,2,game,game,vitamin,hene,game,1,true,
5,7,7,0.95,0.01,87,2,1,game,threat,game,hene,game,0.999999921151729,true,
5,7,7,0.95,0.01,88,1,2,meter,meter,cheek,falu,meter,0.999998587024432,true,
5,7,7,0.95,0.01,89,2,1,purse,purse,game,loqi,purse,1,true,
5,7,7,0.95,0.01,90,1,2,vitamin,danger,vitamin,fuwo,vitamin,1,true,
5,7,7,0.95,0.01,91,2,1,purse,purse,coast,loqi,purse,0.999999995309585,true,
5,7,7,0.95,0.01,92,1,2,purse,purse,game,loqi,purse,1,true,
5,7,7,0.95,0.01,93,2,1,meter,bag,meter,falu,meter,0.999998558289901,true,
5,7,7,0.95,0.01,94,1,2,shore,shore,vitamin,lipu,shore,1,true,
5,7,7,0.95,0.01,95,2,1,danger,danger,cheek,nihatate,danger,0.99997880870497,true,
5,7,7,0.95,0.01,96,1,2,cheek,threat,cheek,qapamoma,cheek,0.450518964844147,true,
5,7,7,0.95,0.01,97,2,1,bag,bag,danger,loqi,bag,0.999999999999895,true,
5,7,7,0.95,0.01,98,1,2,bag,bag,vitamin,loqi,bag,0.999999999999723,true,
5,7,7,0.95,0.01,99,2,1,shore,shore,coast,lipu,shore,0.999997703105692,true,
5,7,7,0.95,0.01,100,1,2,purse,purse,bag,loqi,purse,0.995643442171998,true,
5,7,7,0.95,0.01,101,2,1,vitamin,threat,vitamin,fuwo,vitamin,0.999999923581549,true,
5,7,7,0.95,0.01,102,1,2,cheek,meter,cheek,qapamoma,cheek,1,true,
5,7,7,0.95,0.01,103,2,1,coast,danger,coast,qapamoma,coast,0.999999993507606,true,
5,7,7,0.95,0.01,104,1,2,meter,bag,meter,falu,meter,0.999999999898057,true,
5,7,7,0.95,0.01,105,2,1,shore,danger,shore,lipu,shore,0.999999708433005,true,
5,7,7,0.95,0.01,106,1,2,cheek,shore,cheek,qapamoma,cheek,1,true,
5,7,7,0.95,0.01,107,2,1,vitamin,coast,vitamin,fuwo,vitamin,0.999996734060525,true,
5,7,7,0.95,0.01,108,1,2,cheek,purse,cheek,qapamoma,cheek,1,true,
5,7,7,0.95,0.01,109,2,1,coast,coast,cheek,lipu,coast,1,true,
5,7,7,0.95,0.01,110,1,2,cheek,coast,cheek,qapamoma,cheek,0.999999999656788,true,
5,7,7,0.95,0.01,111,2,1,threat,threat,vitamin,hene,threat,0.999999999999798,true,
5,7,7,0.95,0.01,112,1,2,vitamin,vitamin,cheek,fuwo,vitamin,1,true,
5,7,7,0.95,0.01,113,2,1,purse,purse,meter,loqi,purse,1,true,
5,7,7,0.95,0.01,114,1,2,game,danger,game,lipu,game,0.999997364748038,true,
5,7,7,0.95,0.01,115,2,1,coast,coast,meter,lipu,coast,1,true,
5,7,7,0.95,0.01,116,1,2,game,threat,game,lipu,game,0.999999999998726,true,
5,7,7,0.95,0.01,117,2,1,danger,danger,coast,nihatate,coast,0.316655418566528,false,
5,7,7,0.95,0.01,118,1,2,threat,threat,cheek,lipu,threat,0.997011323188364,true,
5,7,7,0.95,0.01,119,2,1,cheek,bag,cheek,qapamoma,cheek,0.999999999997328,true,
5,7,7,0.95,0.01,120,1,2,shore,shore,vitamin,qapamoma,shore,0.999999999923602,true,
6,7,7,0.95,0.01,0,1,2,threat,threat,coast,loqi,coast,0.308352144741059,false,
6,7,7,0.95,0.01,1,2,1,bag,bag,coast,qapamoma,bag,0.999999906855,true,
6,7,7,0.95,0.01,2,1,2,coast,coast,meter,loqi,meter,0.149058412627223,false,
6,7,7,0.95,0.01,3,2,1,shore,shore,cheek,loqi,shore,0.792950395216395,true,
6,7,7,0.95,0.01,4,1,2,purse,purse,cheek,qapamoma,purse,0.962928653310634,true,
6,7,7,0.95,0.01,5,2,1,game,coast,game,lipu,coast,0.011772700903787,false,
6,7,7,0.95,0.01,6,1,2,purse,purse,threat,qapamoma,purse,0.974010179060878,true,
6,7,7,0.95,0.01,7,2,1,meter,shore,meter,fuwo,shore,3.53562964615006E-10,false,
6,7,7,0.95,0.01,8,1,2,danger,danger,cheek,nihatate,danger,0.988311423628086,true,
6,7,7,0.95,0.01,9,2,1,threat,threat,game,lipu,game,2.30482672567048E-07,false,
6,7,7,0.95,0.01,10,1,2,coast,purse,coast,loqi,coast,0.999999984050524,true,
6,7,7,0.95,0.01,11,2,1,vitamin,bag,vitamin,falu,bag,0.006361273914914,false,
6,7,7,0.95,0.01,12,1,2,bag,bag,danger,qapamoma,bag,0.999785954432054,true,
6,7,7,0.95,0.01,13,2,1,danger,danger,meter,nihatate,danger,0.999999998069836,true,
6,7,7,0.95,0.01,14,1,2,vitamin,danger,vitamin,falu,vitamin,0.999999999838199,true,
6,7,7,0.95,0.01,15,2,1,meter,bag,meter,fuwo,meter,0.999999999771845,true,
6,7,7,0.95,0.01,16,1,2,cheek,threat,cheek,nihatate,threat,0.001479174891823,false,
6,7,7,0.95,0.01,17,2,1,purse,purse,vitamin,qapamoma,purse,1,true,
6,7,7,0.95,0.01,18,1,2,shore,shore,vitamin,falu,vitamin,1.17346232140702E-09,false,
6,7,7,0.95,0.01,19,2,1,meter,meter,vitamin,fuwo,meter,1,true,
6,7,7,0.95,0.01,20,1,2,game,meter,game,lipu,game,1,true,
6,7,7,0.95,0.01,21,2,1,shore,shore,coast,falu,shore,0.999999999492687,true,
6,7,7,0.95,0.01,22,1,2,purse,purse,meter,qapamoma,purse,1,true,
6,7,7,0.95,0.01,23,2,1,game,game,vitamin,lipu,game,1,true,
6,7,7,0.95,0.01,24,1,2,threat,threat,meter,nihatate,threat,0.999999999999996,true,
6,7,7,0.95,0.01,25,2,1,threat,threat,shore,nihatate,threat,0.999974222210942,true,
6,7,7,0.95,0.01,26,1,2,game,purse,game,lipu,game,1,true,
6,7,7,0.95,0.01,27,2,1,danger,danger,shore,nihatate,danger,0.920188314750697,true,
6,7,7,0.95,0.01,28,1,2,danger,purse,danger,nihatate,danger,1,true,
6,7,7,0.95,0.01,29,2,1,cheek,coast,cheek,loqi,coast,0.003083893214324,false,
6,7,7,0.95,0.01,30,1,2,coast,danger,coast,loqi,coast,1,true,
6,7,7,0.95,0.01,31,2,1,vitamin,coast,vitamin,falu,vitamin,1,true,
6,7,7,0.95,0.01,32,1,2,vitamin,threat,vitamin,falu,vitamin,0.999999993204374,true,
6,7,7,0.95,0.01,33,2,1,bag,bag,cheek,qapamoma,bag,0.981754664371341,true,
6,7,7,0.95,0.01,34,1,2,danger,danger,game,nihatate,danger,1,true,
6,7,7,0.95,0.01,35,2,1,bag,bag,shore,qapamoma,bag,0.999904736828472,true,
6,7,7,0.95,0.01,36,1,2,shore,shore,game,loqi,shore,0.999999999999998,true,
6,7,7,0.95,0.01,37,2,1,cheek,meter,cheek,lipu,cheek,0.999999884882374,true,
6,7,7,0.95,0.01,38,1,2,bag,bag,threat,qapamoma,bag,0.999999998143778,true,
6,7,7,0.95,0.01,39,2,1,purse,purse,bag,hene,purse,0.999999999999684,true,
6,7,7,0.95,0.01,40,1,2,game,bag,game,lipu,game,1,true,
6,7,7,0.95,0.01,41,2,1,shore,purse,shore,loqi,shore,0.996090337155055,true,
6,7,7,0.95,0.01,42,1,2,threat,danger,threat,nihatate,danger,0.038166835171665,false,
6,7,7,0.95,0.01,43,2,1,cheek,vitamin,cheek,lipu,cheek,1,true,
6,7,7,0.95,0.01,44,1,2,cheek,game,cheek,lipu,cheek,0.999991594932458,true,
6,7,7,0.95,0.01,45,2,1,bag,bag,coast,qapamoma,bag,0.999999999965716,true,
6,7,7,0.95,0.01,46,1,2,bag,bag,threat,qapamoma,bag,0.999999999999999,true,
6,7,7,0.95,0.01,47,2,1,game,meter,game,fuwo,meter,1.28552829665913E-10,false,
6,7,7,0.95,0.01,48,1,2,bag,bag,game,qapamoma,bag,0.999995389951273,true,
6,7,7,0.95,0.01,49,2,1,vitamin,bag,vitamin,falu,vitamin,1,true,
6,7,7,0.95,0.01,50,1,2,bag,purse,bag,qapamoma,bag,0.999999356673251,true,
6,7,7,0.95,0.01,51,2,1,bag,bag,game,qapamoma,bag,0.999999999999784,true,
6,7,7,0.95,0.01,52,1,2,purse,purse,shore,hene,purse,0.999999999401933,true,
6,7,7,0.95,0.01,53,2,1,game,game,cheek,hene,game,0.999996680225774,true,
6,7,7,0.95,0.01,54,1,2,danger,bag,danger,nihatate,danger,1,true,
6,7,7,0.95,0.01,55,2,1,coast,threat,coast,loqi,coast,0.997940840272989,true,
6,7,7,0.95,0.01,56,1,2,threat,threat,shore,nihatate,threat,0.999999933925077,true,
6,7,7,0.95,0.01,57,2,1,shore,shore,coast,loqi,shore,0.889988688998833,true,
6,7,7,0.95,0.01,58,1,2,danger,danger,cheek,nihatate,danger,1,true,
6,7,7,0.95,0.01,59,2,1,meter,threat,meter,fuwo,meter,0.915080821004265,true,
6,7,7,0.95,0.01,60,1,2,cheek,purse,cheek,lipu,cheek,0.999998631903167,true,
6,7,7,0.95,0.01,61,2,1,game,game,cheek,hene,game,0.999999999999998,true,
6,7,7,0.95,0.01,62,1,2,danger,danger,threat,nihatate,threat,0.233154290839279,false,
6,7,7,0.95,0.01,63,2,1,purse,purse,shore,nihatate,shore,0.690048850369682,false,
6,7,7,0.95,0.01,64,1,2,threat,threat,coast,nihatate,threat,0.999999318207988,true,
6,7,7,0.95,0.01,65,2,1,shore,bag,shore,loqi,shore,1,true,
6,7,7,0.95,0.01,66,1,2,meter,purse,meter,fuwo,meter,0.999998822554785,true,
6,7,7,0.95,0.01,67,2,1,danger,danger,game,nihatate,game,0.038726024773952,false,
6,7,7,0.95,0.01,68,1,2,game,shore,game,hene,game,1,true,
6,7,7,0.95,0.01,69,2,1,purse,purse,danger,loqi,danger,0.507782031463458,false,
6,7,7,0.95,0.01,70,1,2,shore,shore,meter,loqi,shore,1,true,
6,7,7,0.95,0.01,71,2,1,vitamin,game,vitamin,falu,vitamin,1,true,
6,7,7,0.95,0.01,72,1,2,meter,meter,game,fuwo,meter,1,true,
6,7,7,0.95,0.01,73,2,1,coast,coast,vitamin,nihatate,coast,0.999999999948237,true,
6,7,7,0.95,0.01,74,1,2,coast,coast,game,fuwo,coast,0.999999996303362,true,
6,7,7,0.95,0.01,75,2,1,shore,shore,game,loqi,shore,1,true,
6,7,7,0.95,0.01,76,1,2,bag,bag,shore,falu,bag,0.999999999999979,true,
6,7,7,0.95,0.01,77,2,1,vitamin,meter,vitamin,falu,vitamin,1,true,
6,7,7,0.95,0.01,78,1,2,danger,danger,threat,falu,danger,0.291259421174597,true,
6,7,7,0.95,0.01,79,2,1,danger,danger,meter,lipu,danger,0.999999999999019,true,
6,7,7,0.95,0.01,80,1,2,shore,shore,cheek,loqi,shore,0.999999997935557,true,
6,7,7,0.95,0.01,81,2,1,danger,danger,vitamin,loqi,danger,0.99999763274129,true,
6,7,7,0.95,0.01,82,1,2,meter,danger,meter,fuwo,meter,0.999999998542005,true,
6,7,7,0.95,0.01,83,2,1,coast,coast,meter,falu,coast,1,true,
6,7,7,0.95,0.01,84,1,2,game,coast,game,hene,game,0.999954029799608,true,
6,7,7,0.95,0.01,85,2,1,shore,shore,meter,loqi,shore,1,true,
6,7,7,0.95,0.01,86,1,2,game,game,vitamin,hene,game,1,true,
6,7,7,0.95,0.01,87,2,1,game,threat,game,hene,game,0.999999946804907,true,
6,7,7,0.95,0.01,88,1,2,meter,meter,cheek,fuwo,meter,0.999999998792626,true,
6,7,7,0.95,0.01,89,2,1,purse,purse,game,qapamoma,purse,0.999999999999929,true,
6,7,7,0.95,0.01,90,1,2,vitamin,danger,vitamin,falu,vitamin,0.999999991049528,true,
6,7,7,0.95,0.01,91,2,1,purse,purse,coast,qapamoma,purse,0.790191585452782,true,
6,7,7,0.95,0.01,92,1,2,purse,purse,game,qapamoma,purse,1,true,
6,7,7,0.95,0.01,93,2,1,meter,bag,meter,fuwo,meter,0.999999863395824,true,
6,7,7,0.95,0.01,94,1,2,shore,shore,vitamin,loqi,shore,1,true,
6,7,7,0.95,0.01,95,2,1,danger,danger,cheek,lipu,danger,0.960035485037069,true,
6,7,7,0.95,0.01,96,1,2,cheek,threat,cheek,lipu,threat,0.015249860010667,false,
6,7,7,0.95,0.01,97,2,1,bag,bag,danger,qapamoma,bag,0.99684140926834,true,
6,7,7,0.95,0.01,98,1,2,bag,bag,vitamin,qapamoma,bag,0.999999999988292,true,
6,7,7,0.95,0.01,99,2,1,shore,shore,coast,loqi,shore,0.999998119280823,true,
6,7,7,0.95,0.01,100,1,2,purse,purse,bag,qapamoma,purse,0.998370065046635,true,
6,7,7,0.95,0.01,101,2,1,vitamin,threat,vitamin,falu,vitamin,0.999999999999991,true,
6,7,7,0.95,0.01,102,1,2,cheek,meter,cheek,nihatate,cheek,0.999999999999922,true,
6,7,7,0.95,0.01,103,2,1,coast,danger,coast,loqi,coast,0.992383312532834,true,
6,7,7,0.95,0.01,104,1,2,meter,bag,meter,fuwo,meter,0.99999999978599,true,
6,7,7,0.95,0.01,105,2,1,shore,danger,shore,loqi,shore,0.999999968037844,true,
6,7,7,0.95,0.01,106,1,2,cheek,shore,cheek,nihatate,cheek,0.999999999999995,true,
6,7,7,0.95,0.01,107,2,1,vitamin,coast,vitamin,falu,vitamin,0.999999750602354,true,
6,7,7,0.95,0.01,108,1,2,cheek,purse,cheek,nihatate,cheek,0.999999999999703,true,
6,7,7,0.95,0.01,109,2,1,coast,coast,cheek,loqi,coast,1,true,
6,7,7,0.95,0.01,110,1,2,cheek,coast,cheek,nihatate,cheek,0.999999999999978,true,
6,7,7,0.95,0.01,111,2,1,threat,threat,vitamin,lipu,threat,1,true,
6,7,7,0.95,0.01,112,1,2,vitamin,vitamin,cheek,falu,vitamin,1,true,
6,7,7,0.95,0.01,113,2,1,purse,purse,meter,qapamoma,purse,1,true,
6,7,7,0.95,0.01,114,1,2,game,danger,game,hene,game,0.988765633293164,true,
6,7,7,0.95,0.01,115,2,1,coast,coast,meter,loqi,coast,1,true,
6,7,7,0.95,0.01,116,1,2,game,threat,game,hene,game,0.999999999999675,true,
6,7,7,0.95,0.01,117,2,1,danger,danger,coast,lipu,danger,0.999999992711022,true,
6,7,7,0.95,0.01,118,1,2,threat,threat,cheek,lipu,threat,0.99999999746041,true,
6,7,7,0.95,0.01,119,2,1,cheek,bag,cheek,nihatate,cheek,0.999999999999129,true,
6,7,7,0.95,0.01,120,1,2,shore,shore,vitamin,loqi,shore,0.999999999999996,true,
7,7,7,0.95,0.01,0,1,2,threat,threat,coast,lipu,threat,0.525886500929219,true,
7,7,7,0.95,0.01,1,2,1,bag,bag,coast,fuwo,coast,0.555548424264337,false,
7,7,7,0.95,0.01,2,1,2,coast,coast,meter,loqi,meter,1.07577433731831E-07,false,
7,7,7,0.95,0.01,3,2,1,shore,shore,cheek,hene,shore,0.777203064472517,true,
7,7,7,0.95,0.01,4,1,2,purse,purse,cheek,fuwo,cheek,0.306458972369538,false,
7,7,7,0.95,0.01,5,2,1,game,coast,game,lipu,coast,0.001457920652206,false,
7,7,7,0.95,0.01,6,1,2,purse,purse,threat,falu,threat,0.14896140566435,false,
7,7,7,0.95,0.01,7,2,1,meter,shore,meter,nihatate,shore,3.31152874309756E-10,false,
7,7,7,0.95,0.01,8,1,2,danger,danger,cheek,hene,danger,0.995915234204383,true,
7,7,7,0.95,0.01,9,2,1,threat,threat,game,nihatate,game,5.89506129427942E-12,false,
7,7,7,0.95,0.01,10,1,2,coast,purse,coast,lipu,purse,0.015490057009359,false,
7,7,7,0.95,0.01,11,2,1,vitamin,bag,vitamin,qapamoma,bag,0.039731792464039,false,
7,7,7,0.95,0.01,12,1,2,bag,bag,danger,lipu,danger,5.93142848270543E-08,false,
7,7,7,0.95,0.01,13,2,1,danger,danger,meter,hene,danger,0.999999999495042,true,
7,7,7,0.95,0.01,14,1,2,vitamin,danger,vitamin,qapamoma,vitamin,0.99999999994904,true,
7,7,7,0.95,0.01,15,2,1,meter,bag,meter,loqi,meter,0.938578665534432,true,
7,7,7,0.95,0.01,16,1,2,cheek,threat,cheek,fuwo,threat,0.008765406181503,false,
7,7,7,0.95,0.01,17,2,1,purse,purse,vitamin,hene,purse,0.999999999997996,true,
7,7,7,0.95,0.01,18,1,2,shore,shore,vitamin,lipu,shore,0.999999901337821,true,
7,7,7,0.95,0.01,19,2,1,meter,meter,vitamin,loqi,meter,1,true,
7,7,7,0.95,0.01,20,1,2,game,meter,game,hene,game,0.998550494626326,true,
7,7,7,0.95,0.01,21,2,1,shore,shore,coast,lipu,shore,0.968939498915529,true,
7,7,7,0.95,0.01,22,1,2,purse,purse,meter,hene,purse,0.999999999999993,true,
7,7,7,0.95,0.01,23,2,1,game,game,vitamin,hene,game,0.999999999999998,true,
7,7,7,0.95,0.01,24,1,2,threat,threat,meter,fuwo,threat,0.999999999999993,true,
7,7,7,0.95,0.01,25,2,1,threat,threat,shore,fuwo,threat,0.999999999999938,true,
7,7,7,0.95,0.01,26,1,2,game,purse,game,hene,game,0.999951597073527,true,
7,7,7,0.95,0.01,27,2,1,danger,danger,shore,loqi,danger,0.999999996366306,true,
7,7,7,0.95,0.01,28,1,2,danger,purse,danger,falu,purse,0.192601013389377,false,
7,7,7,0.95,0.01,29,2,1,cheek,coast,cheek,loqi,cheek,0.47044349436789,true,
7,7,7,0.95,0.01,30,1,2,coast,danger,coast,lipu,coast,0.961282241160426,true,
7,7,7,0.95,0.01,31,2,1,vitamin,coast,vitamin,qapamoma,vitamin,1,true,
7,7,7,0.95,0.01,32,1,2,vitamin,threat,vitamin,qapamoma,vitamin,1,true,
7,7,7,0.95,0.01,33,2,1,bag,bag,cheek,loqi,cheek,1.09813272451691E-05,false,
7,7,7,0.95,0.01,34,1,2,danger,danger,game,qapamoma,danger,0.999999999998568,true,
7,7,7,0.95,0.01,35,2,1,bag,bag,shore,fuwo,bag,0.99999876263187,true,
7,7,7,0.95,0.01,36,1,2,shore,shore,game,lipu,shore,1,true,
7,7,7,0.95,0.01,37,2,1,cheek,meter,cheek,loqi,meter,0.238373000063231,false,
7,7,7,0.95,0.01,38,1,2,bag,bag,threat,nihatate,threat,8.58000696136281E-07,false,
7,7,7,0.95,0.01,39,2,1,purse,purse,bag,nihatate,bag,0.118130513033639,false,
7,7,7,0.95,0.01,40,1,2,game,bag,game,hene,game,1,true,
7,7,7,0.95,0.01,41,2,1,shore,purse,shore,lipu,shore,0.999917183577351,true,
7,7,7,0.95,0.01,42,1,2,threat,danger,threat,fuwo,danger,0.76453766631477,false,
7,7,7,0.95,0.01,43,2,1,cheek,vitamin,cheek,loqi,cheek,1,true,
7,7,7,0.95,0.01,44,1,2,cheek,game,cheek,loqi,cheek,1,true,
7,7,7,0.95,0.01,45,2,1,bag,bag,coast,nihatate,bag,0.999998660137303,true,
7,7,7,0.95,0.01,46,1,2,bag,bag,threat,qapamoma,threat,1.90392305992526E-11,false,
7,7,7,0.95,0.01,47,2,1,game,meter,game,hene,game,0.999999997432077,true,
7,7,7,0.95,0.01,48,1,2,bag,bag,game,qapamoma,bag,0.999999999995765,true,
7,7,7,0.95,0.01,49,2,1,vitamin,bag,vitamin,fuwo,bag,0.0001050170843,false,
7,7,7,0.95,0.01,50,1,2,bag,purse,bag,fuwo,bag,0.995580103827143,true,
7,7,7,0.95,0.01,51,2,1,bag,bag,game,fuwo,bag,1,true,
7,7,7,0.95,0.01,52,1,2,purse,purse,shore,nihatate,purse,0.999999999996664,true,
7,7,7,0.95,0.01,53,2,1,game,game,cheek,hene,game,1,true,
7,7,7,0.95,0.01,54,1,2,danger,bag,danger,qapamoma,bag,0.054664289080827,false,
7,7,7,0.95,0.01,55,2,1,coast,threat,coast,lipu,coast,0.99916631207019,true,
7,7,7,0.95,0.01,56,1,2,threat,threat,shore,falu,threat,0.999605695206623,true,
7,7,7,0.95,0.01,57,2,1,shore,shore,coast,lipu,shore,0.922018099148918,true,
7,7,7,0.95,0.01,58,1,2,danger,danger,cheek,falu,danger,0.999999999987672,true,
7,7,7,0.95,0.01,59,2,1,meter,threat,meter,loqi,meter,0.999999611481003,true,
7,7,7,0.95,0.01,60,1,2,cheek,purse,cheek,loqi,purse,0.416633637184933,false,
7,7,7,0.95,0.01,61,2,1,game,game,cheek,hene,game,1,true,
7,7,7,0.95,0.01,62,1,2,danger,danger,threat,falu,danger,0.47622122143567,true,
7,7,7,0.95,0.01,63,2,1,purse,purse,shore,nihatate,purse,0.999995657022071,true,
7,7,7,0.95,0.01,64,1,2,threat,threat,coast,qapamoma,threat,0.999189386754029,true,
7,7,7,0.95,0.01,65,2,1,shore,bag,shore,lipu,shore,0.999999350515166,true,
7,7,7,0.95,0.01,66,1,2,meter,purse,meter,loqi,meter,0.999999999999998,true,
7,7,7,0.95,0.01,67,2,1,danger,danger,game,qapamoma,danger,0.969668463711309,true,
7,7,7,0.95,0.01,68,1,2,game,shore,game,hene,game,1,true,
7,7,7,0.95,0.01,69,2,1,purse,purse,danger,nihatate,purse,0.999999998545311,true,
7,7,7,0.95,0.01,70,1,2,shore,shore,meter,lipu,shore,1,true,
7,7,7,0.95,0.01,71,2,1,vitamin,game,vitamin,lipu,vitamin,0.999999999999719,true,
7,7,7,0.95,0.01,72,1,2,meter,meter,game,loqi,meter,1,true,
7,7,7,0.95,0.01,73,2,1,coast,coast,vitamin,nihatate,vitamin,0.098404052752877,false,
7,7,7,0.95,0.01,74,1,2,coast,coast,game,lipu,coast,1,true,
7,7,7,0.95,0.01,75,2,1,shore,shore,game,lipu,shore,1,true,
7,7,7,0.95,0.01,76,1,2,bag,bag,shore,nihatate,bag,0.999999999998916,true,
7,7,7,0.95,0.01,77,2,1,vitamin,meter,vitamin,nihatate,vitamin,1,true,
7,7,7,0.95,0.01,78,1,2,danger,danger,threat,falu,danger,0.663576631706046,true,
7,7,7,0.95,0.01,79,2,1,danger,danger,meter,falu,danger,1,true,
7,7,7,0.95,0.01,80,1,2,shore,shore,cheek,lipu,shore,0.999997614210405,true,
7,7,7,0.95,0.01,81,2,1,danger,danger,vitamin,falu,danger,0.99996727510934,true,
7,7,7,0.95,0.01,82,1,2,meter,danger,meter,loqi,meter,1,true,
7,7,7,0.95,0.01,83,2,1,coast,coast,meter,hene,coast,1,true,
7,7,7,0.95,0.01,84,1,2,game,coast,game,hene,game,0.997989077124986,true,
7,7,7,0.95,0.01,85,2,1,shore,shore,meter,lipu,shore,1,true,
7,7,7,0.95,0.01,86,1,2,game,game,vitamin,hene,game,1,true,
7,7,7,0.95,0.01,87,2,1,game,threat,game,hene,game,0.999999989834812,true,
7,7,7,0.95,0.01,88,1,2,meter,meter,cheek,loqi,meter,0.999999991319091,true,
7,7,7,0.95,0.01,89,2,1,purse,purse,game,fuwo,purse,0.999999999991474,true,
7,7,7,0.95,0.01,90,1,2,vitamin,danger,vitamin,falu,danger,2.26839915575215E-21,false,
7,7,7,0.95,0.01,91,2,1,purse,purse,coast,fuwo,purse,0.981242314733783,true,
7,7,7,0.95,0.01,92,1,2,purse,purse,game,fuwo,purse,1,true,
7,7,7,0.95,0.01,93,2,1,meter,bag,meter,loqi,meter,0.999999715854949,true,
7,7,7,0.95,0.01,94,1,2,shore,shore,vitamin,lipu,shore,0.999999999155443,true,
7,7,7,0.95,0.01,95,2,1,danger,danger,cheek,falu,danger,0.999999999623803,true,
7,7,7,0.95,0.01,96,1,2,cheek,threat,cheek,qapamoma,cheek,0.625350801407526,true,
7,7,7,0.95,0.01,97,2,1,bag,bag,danger,nihatate,bag,0.999999999999979,true,
7,7,7,0.95,0.01,98,1,2,bag,bag,vitamin,nihatate,bag,0.99959003635501,true,
7,7,7,0.95,0.01,99,2,1,shore,shore,coast,lipu,shore,0.999996632658667,true,
7,7,7,0.95,0.01,100,1,2,purse,purse,bag,fuwo,purse,0.999999999998749,true,
7,7,7,0.95,0.01,101,2,1,vitamin,threat,vitamin,lipu,vitamin,0.469779324973029,true,
7,7,7,0.95,0.01,102,1,2,cheek,meter,cheek,qapamoma,cheek,1,true,
7,7,7,0.95,0.01,103,2,1,coast,danger,coast,lipu,coast,0.999999999998542,true,
7,7,7,0.95,0.01,104,1,2,meter,bag,meter,loqi,meter,0.999999999993902,true,
7,7,7,0.95,0.01,105,2,1,shore,danger,shore,lipu,shore,0.999999999999941,true,
7,7,7,0.95,0.01,106,1,2,cheek,shore,cheek,qapamoma,cheek,1,true,
7,7,7,0.95,0.01,107,2,1,vitamin,coast,vitamin,falu,vitamin,0.916906808119,true,
7,7,7,0.95,0.01,108,1,2,cheek,purse,cheek,qapamoma,cheek,1,true,
7,7,7,0.95,0.01,109,2,1,coast,coast,cheek,lipu,coast,1,true,
7,7,7,0.95,0.01,110,1,2,cheek,coast,cheek,qapamoma,cheek,1,true,
7,7,7,0.95,0.01,111,2,1,threat,threat,vitamin,nihatate,vitamin,0.000446231029129,false,
7,7,7,0.95,0.01,112,1,2,vitamin,vitamin,cheek,nihatate,vitamin,1,true,
7,7,7,0.95,0.01,113,2,1,purse,purse,meter,fuwo,purse,1,true,
7,7,7,0.95,0.01,114,1,2,game,danger,game,hene,game,0.593378733477046,true,
7,7,7,0.95,0.01,115,2,1,coast,coast,meter,lipu,coast,0.999999999999998,true,
7,7,7,0.95,0.01,116,1,2,game,threat,game,hene,game,0.999978910622696,true,
7,7,7,0.95,0.01,117,2,1,danger,danger,coast,falu,danger,0.999999997696495,true,
7,7,7,0.95,0.01,118,1,2,threat,threat,cheek,nihatate,threat,0.99999999999844,true,
7,7,7,0.95,0.01,119,2,1,cheek,bag,cheek,qapamoma,cheek,0.999999947534525,true,
7,7,7,0.95,0.01,120,1,2,shore,shore,vitamin,lipu,shore,0.999999999999954,true,
8,7,7,0.95,0.01,0,1,2,threat,threat,coast,loqi,coast,0.509434744675148,false,
8,7,7,0.95,0.01,1,2,1,bag,bag,coast,falu,bag,0.999999988580274,true,
8,7,7,0.95,0.01,2,1,2,coast,coast,meter,loqi,coast,0.665218412906118,true,
8,7,7,0.95,0.01,3,2,1,shore,shore,cheek,loqi,cheek,0.711790599241589,false,
8,7,7,0.95,0.01,4,1,2,purse,purse,cheek,falu,purse,0.999999999982592,true,
8,7,7,0.95,0.01,5,2,1,game,coast,game,qapamoma,game,0.99999999995466,true,
8,7,7,0.95,0.01,6,1,2,purse,purse,threat,falu,purse,0.991354992032711,true,
8,7,7,0.95,0.01,7,2,1,meter,shore,meter,nihatate,shore,0.001046873740943,false,
8,7,7,0.95,0.01,8,1,2,danger,danger,cheek,lipu,danger,0.999999999999392,true,
8,7,7,0.95,0.01,9,2,1,threat,threat,game,loqi,threat,0.845092540814943,true,
8,7,7,0.95,0.01,10,1,2,coast,purse,coast,loqi,coast,0.999991573072944,true,
8,7,7,0.95,0.01,11,2,1,vitamin,bag,vitamin,fuwo,bag,0.00741738218388,false,
8,7,7,0.95,0.01,12,1,2,bag,bag,danger,falu,bag,0.999879959082634,true,
8,7,7,0.95,0.01,13,2,1,danger,danger,meter,lipu,danger,0.999999998621073,true,
8,7,7,0.95,0.01,14,1,2,vitamin,danger,vitamin,fuwo,vitamin,0.999999999903398,true,
8,7,7,0.95,0.01,15,2,1,meter,bag,meter,nihatate,meter,0.999999904744155,true,
8,7,7,0.95,0.01,16,1,2,cheek,threat,cheek,hene,threat,0.153748777791929,false,
8,7,7,0.95,0.01,17,2,1,purse,purse,vitamin,falu,purse,1,true,
8,7,7,0.95,0.01,18,1,2,shore,shore,vitamin,qapamoma,shore,0.993008070348049,true,
8,7,7,0.95,0.01,19,2,1,meter,meter,vitamin,nihatate,meter,1,true,
8,7,7,0.95,0.01,20,1,2,game,meter,game,qapamoma,game,1,true,
8,7,7,0.95,0.01,21,2,1,shore,shore,coast,falu,shore,1,true,
8,7,7,0.95,0.01,22,1,2,purse,purse,meter,falu,purse,1,true,
8,7,7,0.95,0.01,23,2,1,game,game,vitamin,qapamoma,game,1,true,
8,7,7,0.95,0.01,24,1,2,threat,threat,meter,hene,threat,0.999999767937444,true,
8,7,7,0.95,0.01,25,2,1,threat,threat,shore,hene,threat,0.999956437371777,true,
8,7,7,0.95,0.01,26,1,2,game,purse,game,qapamoma,game,1,true,
8,7,7,0.95,0.01,27,2,1,danger,danger,shore,lipu,shore,0.814508433195948,false,
8,7,7,0.95,0.01,28,1,2,danger,purse,danger,lipu,danger,0.999999999999602,true,
8,7,7,0.95,0.01,29,2,1,cheek,coast,cheek,qapamoma,cheek,0.997640801691317,true,
8,7,7,0.95,0.01,30,1,2,coast,danger,coast,loqi,coast,0.999995702136632,true,
8,7,7,0.95,0.01,31,2,1,vitamin,coast,vitamin,fuwo,vitamin,1,true,
8,7,7,0.95,0.01,32,1,2,vitamin,threat,vitamin,fuwo,vitamin,1,true,
8,7,7,0.95,0.01,33,2,1,bag,bag,cheek,falu,cheek,0.708692353488823,false,
8,7,7,0.95,0.01,34,1,2,danger,danger,game,lipu,danger,0.999999999999995,true,
8,7,7,0.95,0.01,35,2,1,bag,bag,shore,loqi,shore,1.41229743812629E-07,false,
8,7,7,0.95,0.01,36,1,2,shore,shore,game,nihatate,shore,0.658087229923152,true,
8,7,7,0.95,0.01,37,2,1,cheek,meter,cheek,falu,cheek,0.998523091976671,true,
8,7,7,0.95,0.01,38,1,2,bag,bag,threat,fuwo,bag,0.821506712272511,true,
8,7,7,0.95,0.01,39,2,1,purse,purse,bag,nihatate,bag,0.000195310201854,false,
8,7,7,0.95,0.01,40,1,2,game,bag,game,qapamoma,game,0.999999999845968,true,
8,7,7,0.95,0.01,41,2,1,shore,purse,shore,loqi,purse,4.78375101144168E-08,false,
8,7,7,0.95,0.01,42,1,2,threat,danger,threat,hene,threat,0.999730586255129,true,
8,7,7,0.95,0.01,43,2,1,cheek,vitamin,cheek,falu,cheek,0.999999999999977,true,
8,7,7,0.95,0.01,44,1,2,cheek,game,cheek,falu,cheek,1,true,
8,7,7,0.95,0.01,45,2,1,bag,bag,coast,nihatate,bag,0.999997169475814,true,
8,7,7,0.95,0.01,46,1,2,bag,bag,threat,lipu,threat,1.13472147859147E-08,false,
8,7,7,0.95,0.01,47,2,1,game,meter,game,qapamoma,game,0.999999969602036,true,
8,7,7,0.95,0.01,48,1,2,bag,bag,game,qapamoma,game,1.49389780962481E-19,false,
8,7,7,0.95,0.01,49,2,1,vitamin,bag,vitamin,fuwo,vitamin,0.999987157586437,true,
8,7,7,0.95,0.01,50,1,2,bag,purse,bag,falu,purse,0.741218043834459,false,
8,7,7,0.95,0.01,51,2,1,bag,bag,game,fuwo,bag,1,true,
8,7,7,0.95,0.01,52,1,2,purse,purse,shore,qapamoma,purse,0.973785994276343,true,
8,7,7,0.95,0.01,53,2,1,game,game,cheek,qapamoma,game,1,true,
8,7,7,0.95,0.01,54,1,2,danger,bag,danger,lipu,danger,0.655821348960227,true,
8,7,7,0.95,0.01,55,2,1,coast,threat,coast,nihatate,coast,0.999999995874155,true,
8,7,7,0.95,0.01,56,1,2,threat,threat,shore,hene,threat,0.99992272204187,true,
8,7,7,0.95,0.01,57,2,1,shore,shore,coast,loqi,shore,0.99947790023811,true,
8,7,7,0.95,0.01,58,1,2,danger,danger,cheek,lipu,danger,1,true,
8,7,7,0.95,0.01,59,2,1,meter,threat,meter,fuwo,meter,0.999999999998906,true,
8,7,7,0.95,0.01,60,1,2,cheek,purse,cheek,falu,cheek,0.999997517366844,true,
8,7,7,0.95,0.01,61,2,1,game,game,cheek,qapamoma,game,1,true,
8,7,7,0.95,0.01,62,1,2,danger,danger,threat,lipu,danger,0.996062646957671,true,
8,7,7,0.95,0.01,63,2,1,purse,purse,shore,hene,purse,0.973288314314267,true,
8,7,7,0.95,0.01,64,1,2,threat,threat,coast,hene,threat,0.999999999614758,true,
8,7,7,0.95,0.01,65,2,1,shore,bag,shore,loqi,shore,0.97463822404943,true,
8,7,7,0.95,0.01,66,1,2,meter,purse,meter,fuwo,meter,0.999998328545925,true,
8,7,7,0.95,0.01,67,2,1,danger,danger,game,lipu,danger,1,true,
8,7,7,0.95,0.01,68,1,2,game,shore,game,qapamoma,game,1,true,
8,7,7,0.95,0.01,69,2,1,purse,purse,danger,hene,purse,0.999999999999989,true,
8,7,7,0.95,0.01,70,1,2,shore,shore,meter,loqi,shore,1,true,
8,7,7,0.95,0.01,71,2,1,vitamin,game,vitamin,fuwo,vitamin,1,true,
8,7,7,0.95,0.01,72,1,2,meter,meter,game,fuwo,meter,1,true,
8,7,7,0.95,0.01,73,2,1,coast,coast,vitamin,nihatate,coast,0.408306782909935,true,
8,7,7,0.95,0.01,74,1,2,coast,coast,game,nihatate,coast,1,true,
8,7,7,0.95,0.01,75,2,1,shore,shore,game,loqi,shore,1,true,
8,7,7,0.95,0.01,76,1,2,bag,bag,shore,hene,bag,0.999999999999996,true,
8,7,7,0.95,0.01,77,2,1,vitamin,meter,vitamin,fuwo,meter,1.8602314231504E-06,false,
8,7,7,0.95,0.01,78,1,2,danger,danger,threat,lipu,danger,0.999856989309597,true,
8,7,7,0.95,0.01,79,2,1,danger,danger,meter,lipu,danger,1,true,
8,7,7,0.95,0.01,80,1,2,shore,shore,cheek,loqi,shore,0.999999991759151,true,
8,7,7,0.95,0.01,81,2,1,danger,danger,vitamin,lipu,danger,0.999998539296293,true,
8,7,7,0.95,0.01,82,1,2,meter,danger,meter,fuwo,meter,1,true,
8,7,7,0.95,0.01,83,2,1,coast,coast,meter,nihatate,coast,1,true,
8,7,7,0.95,0.01,84,1,2,game,coast,game,qapamoma,game,1,true,
8,7,7,0.95,0.01,85,2,1,shore,shore,meter,loqi,shore,1,true,
8,7,7,0.95,0.01,86,1,2,game,game,vitamin,qapamoma,game,0.999999812009997,true,
8,7,7,0.95,0.01,87,2,1,game,threat,game,qapamoma,game,0.999999972399951,true,
8,7,7,0.95,0.01,88,1,2,meter,meter,cheek,fuwo,meter,0.999999995910864,true,
8,7,7,0.95,0.01,89,2,1,purse,purse,game,hene,purse,1,true,
8,7,7,0.95,0.01,90,1,2,vitamin,danger,vitamin,lipu,danger,3.30774378778519E-09,false,
8,7,7,0.95,0.01,91,2,1,purse,purse,coast,hene,purse,0.999999978379494,true,
8,7,7,0.95,0.01,92,1,2,purse,purse,game,hene,purse,1,true,
8,7,7,0.95,0.01,93,2,1,meter,bag,meter,fuwo,meter,0.999999883080427,true,
8,7,7,0.95,0.01,94,1,2,shore,shore,vitamin,loqi,shore,0.999978965231747,true,
8,7,7,0.95,0.01,95,2,1,danger,danger,cheek,lipu,danger,0.999999994818078,true,
8,7,7,0.95,0.01,96,1,2,cheek,threat,cheek,falu,cheek,0.496267736345245,true,
8,7,7,0.95,0.01,97,2,1,bag,bag,danger,hene,bag,1,true,
8,7,7,0.95,0.01,98,1,2,bag,bag,vitamin,hene,bag,0.847761866561721,true,
8,7,7,0.95,0.01,99,2,1,shore,shore,coast,loqi,shore,0.99999929138123,true,
8,7,7,0.95,0.01,100,1,2,purse,purse,bag,hene,purse,0.949683335400288,true,
8,7,7,0.95,0.01,101,2,1,vitamin,threat,vitamin,lipu,vitamin,0.290193065468164,true,
8,7,7,0.95,0.01,102,1,2,cheek,meter,cheek,falu,cheek,1,true,
8,7,7,0.95,0.01,103,2,1,coast,danger,coast,nihatate,coast,0.999999999940501,true,
8,7,7,0.95,0.01,104,1,2,meter,bag,meter,fuwo,meter,0.999999999996627,true,
8,7,7,0.95,0.01,105,2,1,shore,danger,shore,loqi,shore,0.999999999999563,true,
8,7,7,0.95,0.01,106,1,2,cheek,shore,cheek,falu,cheek,1,true,
8,7,7,0.95,0.01,107,2,1,vitamin,coast,vitamin,lipu,vitamin,0.999896917287345,true,
8,7,7,0.95,0.01,108,1,2,cheek,purse,cheek,falu,cheek,1,true,
8,7,7,0.95,0.01,109,2,1,coast,coast,cheek,nihatate,coast,0.99999999999998,true,
8,7,7,0.95,0.01,110,1,2,cheek,coast,cheek,falu,cheek,1,true,
8,7,7,0.95,0.01,111,2,1,threat,threat,vitamin,qapamoma,threat,0.999999256468786,true,
8,7,7,0.95,0.01,112,1,2,vitamin,vitamin,cheek,lipu,vitamin,1,true,
8,7,7,0.95,0.01,113,2,1,purse,purse,meter,hene,purse,1,true,
8,7,7,0.95,0.01,114,1,2,game,danger,game,qapamoma,danger,0.34559171654931,false,
8,7,7,0.95,0.01,115,2,1,coast,coast,meter,nihatate,coast,0.999999999999979,true,
8,7,7,0.95,0.01,116,1,2,game,threat,game,loqi,game,0.999999989562099,true,
8,7,7,0.95,0.01,117,2,1,danger,danger,coast,fuwo,coast,0.000512367116797,false,
8,7,7,0.95,0.01,118,1,2,threat,threat,cheek,qapamoma,threat,1,true,
8,7,7,0.95,0.01,119,2,1,cheek,bag,cheek,falu,cheek,0.999999999991459,true,
8,7,7,0.95,0.01,120,1,2,shore,shore,vitamin,falu,shore,0.998053448970847,true,
9,7,7,0.95,0.01,0,1,2,threat,threat,coast,nihatate,threat,0.873101102785108,true,
9,7,7,0.95,0.01,1,2,1,bag,bag,coast,nihatate,coast,0.184279456506701,false,
9,7,7,0.95,0.01,2,1,2,coast,coast,meter,falu,meter,3.60853824366359E-07,false,
9,7,7,0.95,0.01,3,2,1,shore,shore,cheek,nihatate,cheek,0.688118189937819,false,
9,7,7,0.95,0.01,4,1,2,purse,purse,cheek,loqi,purse,0.999999957790373,true,
9,7,7,0.95,0.01,5,2,1,game,coast,game,fuwo,coast,0.01198115551359,false,
9,7,7,0.95,0.01,6,1,2,purse,purse,threat,loqi,purse,0.993433177129327,true,
9,7,7,0.95,0.01,7,2,1,meter,shore,meter,hene,shore,3.28546859048511E-11,false,
9,7,7,0.95,0.01,8,1,2,danger,danger,cheek,lipu,danger,0.999999999374857,true,
9,7,7,0.95,0.01,9,2,1,threat,threat,game,hene,game,0.000773804430307,false,
9,7,7,0.95,0.01,10,1,2,coast,purse,coast,nihatate,purse,0.218364085678837,false,
9,7,7,0.95,0.01,11,2,1,vitamin,bag,vitamin,lipu,bag,0.002698676207595,false,
9,7,7,0.95,0.01,12,1,2,bag,bag,danger,nihatate,danger,1.80826764469342E-09,false,
9,7,7,0.95,0.01,13,2,1,danger,danger,meter,loqi,meter,0.001972286260461,false,
9,7,7,0.95,0.01,14,1,2,vitamin,danger,vitamin,lipu,danger,7.14789096374785E-06,false,
9,7,7,0.95,0.01,15,2,1,meter,bag,meter,loqi,bag,4.18430749604594E-07,false,
9,7,7,0.95,0.01,16,1,2,cheek,threat,cheek,falu,threat,6.7938885589549E-07,false,
9,7,7,0.95,0.01,17,2,1,purse,purse,vitamin,loqi,purse,0.999096175800044,true,
9,7,7,0.95,0.01,18,1,2,shore,shore,vitamin,qapamoma,shore,0.969255276026756,true,
9,7,7,0.95,0.01,19,2,1,meter,meter,vitamin,loqi,meter,0.992876925874218,true,
9,7,7,0.95,0.01,20,1,2,game,meter,game,fuwo,game,0.997766738399266,true,
9,7,7,0.95,0.01,21,2,1,shore,shore,coast,qapamoma,shore,0.999636655811598,true,
9,7,7,0.95,0.01,22,1,2,purse,purse,meter,loqi,meter,3.18677495215595E-06,false,
9,7,7,0.95,0.01,23,2,1,game,game,vitamin,fuwo,game,0.999999980237227,true,
9,7,7,0.95,0.01,24,1,2,threat,threat,meter,falu,threat,0.999999999996128,true,
9,7,7,0.95,0.01,25,2,1,threat,threat,shore,falu,threat,0.999999999999996,true,
9,7,7,0.95,0.01,26,1,2,game,purse,game,fuwo,game,0.999999114360898,true,
9,7,7,0.95,0.01,27,2,1,danger,danger,shore,lipu,danger,0.999999998560957,true,
9,7,7,0.95,0.01,28,1,2,danger,purse,danger,lipu,danger,0.999996883130489,true,
9,7,7,0.95,0.01,29,2,1,cheek,coast,cheek,qapamoma,coast,0.002104922728832,false,
9,7,7,0.95,0.01,30,1,2,coast,danger,coast,qapamoma,coast,0.999999999999114,true,
9,7,7,0.95,0.01,31,2,1,vitamin,coast,vitamin,lipu,vitamin,0.999999999727068,true,
9,7,7,0.95,0.01,32,1,2,vitamin,threat,vitamin,nihatate,threat,4.36660580887557E-07,false,
9,7,7,0.95,0.01,33,2,1,bag,bag,cheek,qapamoma,cheek,0.047063854112843,false,
9,7,7,0.95,0.01,34,1,2,danger,danger,game,lipu,danger,1,true,
9,7,7,0.95,0.01,35,2,1,bag,bag,shore,loqi,bag,0.999998292238418,true,
9,7,7,0.95,0.01,36,1,2,shore,shore,game,qapamoma,shore,1,true,
9,7,7,0.95,0.01,37,2,1,cheek,meter,cheek,nihatate,cheek,0.99999999999998,true,
9,7,7,0.95,0.01,38,1,2,bag,bag,threat,fuwo,threat,2.34473027336901E-10,false,
9,7,7,0.95,0.01,39,2,1,purse,purse,bag,loqi,bag,0.506282309172316,false,
9,7,7,0.95,0.01,40,1,2,game,bag,game,fuwo,game,0.999999999995204,true,
9,7,7,0.95,0.01,41,2,1,shore,purse,shore,qapamoma,shore,0.999997785048401,true,
9,7,7,0.95,0.01,42,1,2,threat,danger,threat,falu,threat,0.999999998811235,true,
9,7,7,0.95,0.01,43,2,1,cheek,vitamin,cheek,nihatate,cheek,0.746212651905364,true,
9,7,7,0.95,0.01,44,1,2,cheek,game,cheek,nihatate,cheek,1,true,
9,7,7,0.95,0.01,45,2,1,bag,bag,coast,loqi,bag,0.999570100145258,true,
9,7,7,0.95,0.01,46,1,2,bag,bag,threat,loqi,bag,0.999999999999994,true,
9,7,7,0.95,0.01,47,2,1,game,meter,game,fuwo,game,0.999999986354102,true,
9,7,7,0.95,0.01,48,1,2,bag,bag,game,loqi,bag,1,true,
9,7,7,0.95,0.01,49,2,1,vitamin,bag,vitamin,lipu,vitamin,1,true,
9,7,7,0.95,0.01,50,1,2,bag,purse,bag,loqi,bag,0.999997995642066,true,
9,7,7,0.95,0.01,51,2,1,bag,bag,game,loqi,bag,1,true,
9,7,7,0.95,0.01,52,1,2,purse,purse,shore,nihatate,purse,0.999999999803519,true,
9,7,7,0.95,0.01,53,2,1,game,game,cheek,fuwo,game,1,true,
9,7,7,0.95,0.01,54,1,2,danger,bag,danger,lipu,danger,1,true,
9,7,7,0.95,0.01,55,2,1,coast,threat,coast,qapamoma,coast,0.999999999987445,true,
9,7,7,0.95,0.01,56,1,2,threat,threat,shore,falu,threat,0.999979680312522,true,
9,7,7,0.95,0.01,57,2,1,shore,shore,coast,qapamoma,shore,0.901254935856405,true,
9,7,7,0.95,0.01,58,1,2,danger,danger,cheek,lipu,danger,1,true,
9,7,7,0.95,0.01,59,2,1,meter,threat,meter,falu,threat,2.3593089771204E-08,false,
9,7,7,0.95,0.01,60,1,2,cheek,purse,cheek,nihatate,cheek,0.999994467937495,true,
9,7,7,0.95,0.01,61,2,1,game,game,cheek,fuwo,game,1,true,
9,7,7,0.95,0.01,62,1,2,danger,danger,threat,lipu,danger,0.999999999923332,true,
9,7,7,0.95,0.01,63,2,1,purse,purse,shore,lipu,purse,0.999993977707867,true,
9,7,7,0.95,0.01,64,1,2,threat,threat,coast,falu,threat,0.999999837538207,true,
9,7,7,0.95,0.01,65,2,1,shore,bag,shore,qapamoma,shore,1,true,
9,7,7,0.95,0.01,66,1,2,meter,purse,meter,hene,purse,0.569476665849319,false,
9,7,7,0.95,0.01,67,2,1,danger,danger,game,lipu,danger,1,true,
9,7,7,0.95,0.01,68,1,2,game,shore,game,fuwo,game,1,true,
9,7,7,0.95,0.01,69,2,1,purse,purse,danger,nihatate,purse,0.999999999999993,true,
9,7,7,0.95,0.01,70,1,2,shore,shore,meter,qapamoma,shore,0.999999999945121,true,
9,7,7,0.95,0.01,71,2,1,vitamin,game,vitamin,hene,vitamin,1,true,
9,7,7,0.95,0.01,72,1,2,meter,meter,game,nihatate,meter,1,true,
9,7,7,0.95,0.01,73,2,1,coast,coast,vitamin,qapamoma,coast,0.994075992492018,true,
9,7,7,0.95,0.01,74,1,2,coast,coast,game,qapamoma,coast,1,true,
9,7,7,0.95,0.01,75,2,1,shore,shore,game,qapamoma,shore,1,true,
9,7,7,0.95,0.01,76,1,2,bag,bag,shore,loqi,bag,0.999999999974857,true,
9,7,7,0.95,0.01,77,2,1,vitamin,meter,vitamin,hene,vitamin,0.999999999561403,true,
9,7,7,0.95,0.01,78,1,2,danger,danger,threat,lipu,danger,0.99999239123421,true,
9,7,7,0.95,0.01,79,2,1,danger,danger,meter,lipu,danger,0.999999999999998,true,
9,7,7,0.95,0.01,80,1,2,shore,shore,cheek,qapamoma,shore,0.999999996772002,true,
9,7,7,0.95,0.01,81,2,1,danger,danger,vitamin,lipu,danger,1,true,
9,7,7,0.95,0.01,82,1,2,meter,danger,meter,nihatate,meter,1,true,
9,7,7,0.95,0.01,83,2,1,coast,coast,meter,qapamoma,coast,1,true,
9,7,7,0.95,0.01,84,1,2,game,coast,game,fuwo,game,0.999999999999997,true,
9,7,7,0.95,0.01,85,2,1,shore,shore,meter,qapamoma,shore,1,true,
9,7,7,0.95,0.01,86,1,2,game,game,vitamin,fuwo,game,1,true,
9,7,7,0.95,0.01,87,2,1,game,threat,game,fuwo,game,0.999999895541083,true,
9,7,7,0.95,0.01,88,1,2,meter,meter,cheek,nihatate,meter,0.999491191643536,true,
9,7,7,0.95,0.01,89,2,1,purse,purse,game,loqi,purse,0.999999999999998,true,
9,7,7,0.95,0.01,90,1,2,vitamin,danger,vitamin,hene,vitamin,1,true,
9,7,7,0.95,0.01,91,2,1,purse,purse,coast,loqi,purse,0.999187804436941,true,
9,7,7,0.95,0.01,92,1,2,purse,purse,game,loqi,purse,1,true,
9,7,7,0.95,0.01,93,2,1,meter,bag,meter,nihatate,meter,0.999999856106234,true,
9,7,7,0.95,0.01,94,1,2,shore,shore,vitamin,qapamoma,shore,1,true,
9,7,7,0.95,0.01,95,2,1,danger,danger,cheek,lipu,danger,0.999996691861003,true,
9,7,7,0.95,0.01,96,1,2,cheek,threat,cheek,falu,cheek,0.718122762815467,true,
9,7,7,0.95,0.01,97,2,1,bag,bag,danger,falu,bag,0.999999999967507,true,
9,7,7,0.95,0.01,98,1,2,bag,bag,vitamin,loqi,bag,0.999999999566438,true,
9,7,7,0.95,0.01,99,2,1,shore,shore,coast,qapamoma,shore,0.999993703401423,true,
9,7,7,0.95,0.01,100,1,2,purse,purse,bag,loqi,purse,0.999979407508115,true,
9,7,7,0.95,0.01,101,2,1,vitamin,threat,vitamin,hene,vitamin,0.999999934143236,true,
9,7,7,0.95,0.01,102,1,2,cheek,meter,cheek,falu,cheek,1,true,
9,7,7,0.95,0.01,103,2,1,coast,danger,coast,falu,coast,0.999999933475646,true,
9,7,7,0.95,0.01,104,1,2,meter,bag,meter,nihatate,meter,0.999999893615122,true,
9,7,7,0.95,0.01,105,2,1,shore,danger,shore,qapamoma,shore,0.999999999577907,true,
9,7,7,0.95,0.01,106,1,2,cheek,shore,cheek,falu,cheek,1,true,
9,7,7,0.95,0.01,107,2,1,vitamin,coast,vitamin,hene,vitamin,0.999997551796009,true,
9,7,7,0.95,0.01,108,1,2,cheek,purse,cheek,falu,cheek,1,true,
9,7,7,0.95,0.01,109,2,1,coast,coast,cheek,fuwo,coast,0.999999999999998,true,
9,7,7,0.95,0.01,110,1,2,cheek,coast,cheek,falu,cheek,0.999999999999963,true,
9,7,7,0.95,0.01,111,2,1,threat,threat,vitamin,lipu,threat,0.999999999999995,true,
9,7,7,0.95,0.01,112,1,2,vitamin,vitamin,cheek,hene,vitamin,1,true,
9,7,7,0.95,0.01,113,2,1,purse,purse,meter,loqi,purse,1,true,
9,7,7,0.95,0.01,114,1,2,game,danger,game,fuwo,game,0.996443383525156,true,
9,7,7,0.95,0.01,115,2,1,coast,coast,meter,fuwo,coast,1,true,
9,7,7,0.95,0.01,116,1,2,game,threat,game,fuwo,game,0.999999999986763,true,
9,7,7,0.95,0.01,117,2,1,danger,danger,coast,lipu,coast,0.897530540448141,false,
9,7,7,0.95,0.01,118,1,2,threat,threat,cheek,lipu,threat,0.999999999999998,true,
9,7,7,0.95,0.01,119,2,1,cheek,bag,cheek,falu,cheek,0.999999989902222,true,
9,7,7,0.95,0.01,120,1,2,shore,shore,vitamin,loqi,shore,0.99988797553536,true,
